repetition,mode,delta,best_test_accuracy,final_train_loss,final_test_loss,final_avg_spikes,layer4_linearity_spike_count,internal_metrics
3,expansive_delta_-1.5,-1.5,98.22916666666667,0.023979995628788827,0.8132999658584594,512.2947916666667,0.9930555555555556,"{'layer1_rate_mean': 0.5385254065195719, 'layer1_sparsity_mean': 0.4614745934804281, 'layer2_rate_mean': 0.4625553488731384, 'layer2_sparsity_mean': 0.5374446471532186, 'layer3_rate_mean': 0.5248079538345337, 'layer3_sparsity_mean': 0.4751920461654663, 'layer4_rate_mean': 0.2741666754086812, 'layer4_sparsity_mean': 0.7258333206176758}"
3,tough_delta_2.0,2.0,98.54166666666667,0.02613266210462297,1.0149130384127298,240.46145833333333,0.9930555555555556,"{'layer1_rate_mean': 0.2394954452912013, 'layer1_sparsity_mean': 0.7605045517285665, 'layer2_rate_mean': 0.24855143427848816, 'layer2_sparsity_mean': 0.7514485716819763, 'layer3_rate_mean': 0.2299837271372477, 'layer3_sparsity_mean': 0.7700162728627523, 'layer4_rate_mean': 0.05083333378036817, 'layer4_sparsity_mean': 0.9491666674613952}"
3,dissipative_delta_10.0,10.0,97.60416666666667,0.030347881425592686,0.5596840580304464,383.76666666666665,0.9791666666666666,"{'layer1_rate_mean': 0.3811914126078288, 'layer1_sparsity_mean': 0.6188085873921713, 'layer2_rate_mean': 0.4072851618131002, 'layer2_sparsity_mean': 0.5927148381868999, 'layer3_rate_mean': 0.39725260734558104, 'layer3_sparsity_mean': 0.6027473926544189, 'layer4_rate_mean': 0.052187500645716985, 'layer4_sparsity_mean': 0.9478124976158142}"
