{
    "train_loss": [
        0.7008648034065,
        0.6997000632747528,
        0.6878223399962148,
        0.6569853636526293,
        0.5586136358399545,
        0.4305845287538344,
        0.20346221808464296,
        0.09343019235999353,
        0.05838869971733901,
        0.04963511800874145,
        0.0470997947268188,
        0.04400826232027142,
        0.04214021844428874,
        0.04361072735440347,
        0.039518728852272034,
        0.039281910255311
    ],
    "train_acc": [
        49.94959677419355,
        50.025201612903224,
        50.05040322580645,
        49.92439516129032,
        49.87399193548387,
        50.0,
        86.79435483870968,
        99.29435483870968,
        99.29435483870968,
        99.29435483870968,
        99.29435483870968,
        99.29435483870968,
        99.29435483870968,
        99.29435483870968,
        99.3195564516129,
        99.29435483870968
    ],
    "test_loss": [
        0.6996253689130147,
        0.6937611182530721,
        0.6836445728937784,
        0.733005674680074,
        0.8787069479624431,
        1.0030425945917765,
        1.007282849152883,
        1.1644173860549927,
        1.1203006347020468,
        1.514567748705546,
        1.4141205549240112,
        1.078306011358897,
        1.3342841148376465,
        1.2785284042358398,
        1.270414400100708,
        1.1785157521565754
    ],
    "test_acc": [
        49.791666666666664,
        49.791666666666664,
        49.791666666666664,
        49.791666666666664,
        49.791666666666664,
        49.791666666666664,
        49.791666666666664,
        49.791666666666664,
        49.791666666666664,
        49.791666666666664,
        49.791666666666664,
        49.791666666666664,
        49.791666666666664,
        49.791666666666664,
        49.791666666666664,
        49.791666666666664
    ],
    "spikes": [
        9.0,
        50.79479166666667,
        66.41041666666666,
        85.75208333333333,
        109.634375,
        163.96041666666667,
        267.1822916666667,
        300.1375,
        312.9739583333333,
        317.853125,
        318.26145833333334,
        323.54375,
        328.6197916666667,
        330.81145833333335,
        328.1,
        323.815625
    ]
}