{
    "train_loss": [
        0.648232227371585,
        0.5252181527114683,
        0.3507170581048535,
        0.24736135044405538,
        0.2001997583335446,
        0.18137181886742193,
        0.17562588087974057,
        0.1715859612149577,
        0.17066847581055858,
        0.16333195639233436,
        0.15153952507722762,
        0.1361473346910169,
        0.09502028253289961,
        0.05944642547758356,
        0.04641343019301853,
        0.04820695122884166,
        0.04060750685992741,
        0.04258005753640206,
        0.042498326139344324,
        0.04310399954838137
    ],
    "train_acc": [
        49.94959677419355,
        49.92439516129032,
        88.50806451612904,
        99.42036290322581,
        99.42036290322581,
        99.42036290322581,
        99.42036290322581,
        99.42036290322581,
        99.42036290322581,
        99.42036290322581,
        99.42036290322581,
        99.44556451612904,
        99.42036290322581,
        99.36995967741936,
        99.44556451612904,
        99.42036290322581,
        99.47076612903226,
        99.42036290322581,
        99.42036290322581,
        99.42036290322581
    ],
    "test_loss": [
        0.6743072668711344,
        0.6502180854479472,
        0.6410864591598511,
        0.6956695556640625,
        0.5890775879224142,
        0.6012635787328084,
        0.5312274555365245,
        0.7333774447441102,
        0.6524660229682923,
        0.533605674902598,
        0.445539931456248,
        0.5506049036979676,
        0.42914727528889973,
        0.5235019584496816,
        0.6409373243649801,
        0.5031187335650126,
        0.6802767515182495,
        0.5249646484851838,
        0.5282714525858562,
        0.4669755756855011
    ],
    "test_acc": [
        49.791666666666664,
        49.791666666666664,
        50.104166666666664,
        98.4375,
        99.0625,
        98.75,
        98.02083333333333,
        64.27083333333333,
        53.75,
        98.95833333333333,
        97.60416666666667,
        95.52083333333333,
        97.5,
        49.791666666666664,
        99.0625,
        68.64583333333333,
        98.75,
        81.14583333333333,
        98.54166666666667,
        49.791666666666664
    ],
    "spikes": [
        184.74479166666666,
        251.84895833333334,
        306.96458333333334,
        341.6489583333333,
        361.74791666666664,
        384.07916666666665,
        398.8520833333333,
        408.365625,
        417.7104166666667,
        426.62708333333336,
        436.80104166666666,
        447.53333333333336,
        461.26145833333334,
        475.9270833333333,
        471.12291666666664,
        482.7895833333333,
        478.79270833333334,
        489.95,
        479.0416666666667,
        494.3020833333333
    ]
}