{
    "train_loss": [
        0.7202684023687916,
        0.7160081834562363,
        0.6848088300997212,
        0.6436888623622156,
        0.5963926517194317,
        0.5358335351751696,
        0.40384346102514573,
        0.2803772762417793,
        0.11103116453535133,
        0.04687387952881475,
        0.037794076056490024,
        0.03782570715092363,
        0.036773395551849275,
        0.033096962833716985,
        0.03457738750524098,
        0.031270422679822774,
        0.030887747716699398,
        0.03360195029827376,
        0.03101284509795087,
        0.030157943609200658,
        0.030842134751559745,
        0.030196723002459732,
        0.030927077123534777,
        0.02842270829639728,
        0.029755897328047263,
        0.031557949451399184
    ],
    "train_acc": [
        50.025201612903224,
        50.05040322580645,
        49.87399193548387,
        50.025201612903224,
        69.02721774193549,
        99.44556451612904,
        99.42036290322581,
        99.42036290322581,
        99.42036290322581,
        99.42036290322581,
        99.44556451612904,
        99.42036290322581,
        99.42036290322581,
        99.42036290322581,
        99.42036290322581,
        99.42036290322581,
        99.44556451612904,
        99.42036290322581,
        99.42036290322581,
        99.44556451612904,
        99.42036290322581,
        99.42036290322581,
        99.42036290322581,
        99.42036290322581,
        99.42036290322581,
        99.44556451612904
    ],
    "test_loss": [
        0.7190997362136841,
        0.7002723733584086,
        0.8134688814481099,
        0.8089041550954182,
        0.8896292209625244,
        1.193094249566396,
        1.4146436373392741,
        1.3343674898147584,
        0.8539839625358582,
        0.7663294037183126,
        0.5551830093065898,
        0.7112594207127889,
        0.8120009859402975,
        1.0117193142573038,
        0.8929453412691752,
        1.0360555171966552,
        1.3162055253982543,
        1.1046151320139568,
        1.2705493450164795,
        1.2575490554173787,
        1.2609311580657958,
        1.1886593580245972,
        1.0821348905563355,
        1.018276083469391,
        0.9760473052660624,
        1.1833696444829305
    ],
    "test_acc": [
        49.791666666666664,
        49.791666666666664,
        50.208333333333336,
        50.208333333333336,
        50.208333333333336,
        50.208333333333336,
        50.208333333333336,
        50.208333333333336,
        50.208333333333336,
        97.70833333333333,
        99.0625,
        63.958333333333336,
        49.791666666666664,
        98.95833333333333,
        98.95833333333333,
        97.08333333333333,
        96.875,
        49.791666666666664,
        98.54166666666667,
        98.95833333333333,
        98.85416666666667,
        49.791666666666664,
        49.791666666666664,
        49.791666666666664,
        49.791666666666664,
        49.791666666666664
    ],
    "spikes": [
        16.446875,
        71.44375,
        142.95,
        137.48333333333332,
        122.23854166666666,
        153.81979166666667,
        173.92083333333332,
        248.959375,
        345.95104166666664,
        368.053125,
        377.3958333333333,
        376.01770833333336,
        379.76458333333335,
        378.62395833333335,
        380.48854166666666,
        393.38854166666664,
        394.8541666666667,
        393.72291666666666,
        399.8072916666667,
        400.5104166666667,
        404.8833333333333,
        405.8677083333333,
        405.0385416666667,
        408.51770833333336,
        413.5541666666667,
        413.796875
    ]
}