repetition,mode,delta,best_test_accuracy,final_train_loss,final_test_loss,final_avg_spikes,layer4_linearity_spike_count,internal_metrics
9,expansive_delta_-1.5,-1.5,99.0625,0.04310399954838137,0.4669755756855011,494.3020833333333,0.9965277777777778,"{'layer1_rate_mean': 0.5827050884564717, 'layer1_sparsity_mean': 0.4172949115435282, 'layer2_rate_mean': 0.33499675393104555, 'layer2_sparsity_mean': 0.66500324010849, 'layer3_rate_mean': 0.21110677421092988, 'layer3_sparsity_mean': 0.7888932228088379, 'layer4_rate_mean': 0.052916667858759564, 'layer4_sparsity_mean': 0.9470833381017049}"
9,tough_delta_2.0,2.0,64.89583333333333,0.026824868607124495,0.8574529886245728,243.95833333333334,0.6458333333333334,"{'layer1_rate_mean': 0.14339192807674409, 'layer1_sparsity_mean': 0.8566080689430237, 'layer2_rate_mean': 0.08130208452542623, 'layer2_sparsity_mean': 0.9186979174613953, 'layer3_rate_mean': 0.06938802152872085, 'layer3_sparsity_mean': 0.9306119879086813, 'layer4_rate_mean': 0.08531250109275182, 'layer4_sparsity_mean': 0.9146874984105428}"
9,dissipative_delta_10.0,10.0,99.0625,0.031557949451399184,1.1833696444829305,413.796875,0.9861111111111112,"{'layer1_rate_mean': 0.38286133607228595, 'layer1_sparsity_mean': 0.617138663927714, 'layer2_rate_mean': 0.43027018904685976, 'layer2_sparsity_mean': 0.5697298049926758, 'layer3_rate_mean': 0.35763997832934064, 'layer3_sparsity_mean': 0.6423600196838379, 'layer4_rate_mean': 0.2748958388964335, 'layer4_sparsity_mean': 0.7251041611035665}"
