{
    "train_loss": [
        0.6824170187596352,
        0.5923049046147254,
        0.44698004088094156,
        0.31039982601519556,
        0.24253411711223663,
        0.20254214660775277,
        0.1845751657120643,
        0.1780678278976871,
        0.17404827884128016,
        0.17250426281844417,
        0.17007099548655172,
        0.16967829316854477,
        0.166393386500497,
        0.1697518349655213,
        0.1676606110507442,
        0.16772839883642812,
        0.1627594482514166,
        0.15158935323838266,
        0.13962707560389273,
        0.10094154956600358,
        0.06429862474361735,
        0.044013213606611375,
        0.03928589768287155,
        0.04085566083930673
    ],
    "train_acc": [
        50.05040322580645,
        50.07560483870968,
        88.00403225806451,
        99.49596774193549,
        99.49596774193549,
        99.49596774193549,
        99.49596774193549,
        99.49596774193549,
        99.49596774193549,
        99.49596774193549,
        99.49596774193549,
        99.49596774193549,
        99.54637096774194,
        99.49596774193549,
        99.49596774193549,
        99.49596774193549,
        99.49596774193549,
        99.49596774193549,
        99.49596774193549,
        99.49596774193549,
        99.49596774193549,
        99.49596774193549,
        99.5211693548387,
        99.49596774193549
    ],
    "test_loss": [
        0.6913052598635355,
        0.6554182608922322,
        0.5870046496391297,
        0.5590960641702016,
        0.5614561478296916,
        0.4186320722103119,
        0.3354508956273397,
        0.335053950548172,
        0.37713685631752014,
        0.6627712249755859,
        0.41276692350705463,
        0.4499028484026591,
        0.29096484879652657,
        0.46451019247372943,
        0.6111108064651489,
        0.6598862369855245,
        0.3317000508308411,
        0.3783649106820424,
        0.3401768426100413,
        0.5964568297068278,
        0.3443214356899261,
        0.41560901204744977,
        0.366263335943222,
        0.4195098797480265
    ],
    "test_acc": [
        49.791666666666664,
        49.791666666666664,
        83.64583333333333,
        98.4375,
        97.91666666666667,
        97.70833333333333,
        98.64583333333333,
        98.54166666666667,
        98.75,
        66.875,
        96.04166666666667,
        97.29166666666667,
        98.64583333333333,
        75.20833333333333,
        85.3125,
        69.27083333333333,
        98.75,
        96.77083333333333,
        98.33333333333333,
        84.16666666666667,
        98.75,
        98.33333333333333,
        98.75,
        98.4375
    ],
    "spikes": [
        166.20416666666668,
        202.80104166666666,
        234.50520833333334,
        272.728125,
        301.71770833333335,
        320.8125,
        331.25,
        343.5708333333333,
        355.4927083333333,
        351.01770833333336,
        356.609375,
        357.57708333333335,
        364.7135416666667,
        373.15416666666664,
        381.428125,
        393.5229166666667,
        402.61041666666665,
        405.87708333333336,
        420.0395833333333,
        429.87083333333334,
        447.9760416666667,
        452.9583333333333,
        455.621875,
        457.7114583333333
    ]
}