{
    "train_loss": [
        0.6933612727349804,
        0.6933366887031063,
        0.6932642940552004,
        0.6932597958272503,
        0.684094250202179,
        0.5698935403939216,
        0.2594246935219534,
        0.0770272801540071,
        0.03823335673059187,
        0.03486324915842664,
        0.032973260032914335,
        0.035281581518751,
        0.030556213133217346,
        0.027560424690525376,
        0.028172572135865208,
        0.029208954566368652,
        0.028946250774747422,
        0.028384553967043757,
        0.03132489955263032,
        0.02568218989237662,
        0.026079101412887534,
        0.02486507247592653,
        0.024858774684910333,
        0.023324425970654813,
        0.02575321394890066,
        0.03007568168498936,
        0.02405770303636429,
        0.02672129316300514,
        0.024065948560863974,
        0.026068108599452723,
        0.023715110920039157
    ],
    "train_acc": [
        50.100806451612904,
        49.92439516129032,
        50.025201612903224,
        49.974798387096776,
        50.025201612903224,
        56.04838709677419,
        99.29435483870968,
        99.26915322580645,
        99.29435483870968,
        99.26915322580645,
        99.3195564516129,
        99.34475806451613,
        99.29435483870968,
        99.26915322580645,
        99.34475806451613,
        99.29435483870968,
        99.3195564516129,
        99.3195564516129,
        99.3195564516129,
        99.42036290322581,
        99.24395161290323,
        99.3195564516129,
        99.39516129032258,
        99.34475806451613,
        99.39516129032258,
        99.36995967741936,
        99.44556451612904,
        99.3195564516129,
        99.42036290322581,
        99.34475806451613,
        99.44556451612904
    ],
    "test_loss": [
        0.6934252937634786,
        0.6933477799097697,
        0.693310284614563,
        0.693251097202301,
        0.6990691741307576,
        0.7816207528114318,
        1.2199737230936687,
        0.8780474662780762,
        0.8489819884300231,
        0.893318525950114,
        0.8540406743685405,
        0.8268647233645121,
        0.8802950541178386,
        0.9666452844937642,
        0.8814397732416789,
        0.8822298765182495,
        0.8323274811108907,
        0.7923397660255432,
        0.738376259803772,
        0.8139126300811768,
        0.7215720295906067,
        0.7549861749013265,
        0.678000295162201,
        0.6749679287274678,
        0.7004813194274903,
        0.6798473238945008,
        0.6754246751467387,
        0.7525749802589417,
        0.7268927216529846,
        0.711269478003184,
        0.6161256074905396
    ],
    "test_acc": [
        49.791666666666664,
        49.791666666666664,
        49.791666666666664,
        49.791666666666664,
        49.791666666666664,
        80.20833333333333,
        50.208333333333336,
        50.208333333333336,
        50.208333333333336,
        50.208333333333336,
        50.208333333333336,
        50.208333333333336,
        98.85416666666667,
        69.0625,
        62.5,
        98.95833333333333,
        55.833333333333336,
        65.72916666666667,
        94.6875,
        85.9375,
        98.95833333333333,
        98.95833333333333,
        54.791666666666664,
        97.08333333333333,
        98.75,
        96.66666666666667,
        98.95833333333333,
        98.4375,
        65.0,
        55.416666666666664,
        50.3125
    ],
    "spikes": [
        0.0,
        3.828125,
        15.490625,
        33.432291666666664,
        59.32083333333333,
        109.73854166666666,
        179.878125,
        231.39375,
        237.721875,
        242.97291666666666,
        243.12708333333333,
        246.41458333333333,
        248.25625,
        253.46041666666667,
        250.909375,
        250.290625,
        250.425,
        250.41041666666666,
        249.86041666666668,
        253.009375,
        252.56875,
        252.4125,
        251.7625,
        250.03229166666668,
        247.85208333333333,
        243.49791666666667,
        246.43854166666668,
        242.634375,
        243.48020833333334,
        245.284375,
        240.90625
    ]
}