repetition,mode,delta,best_test_accuracy,final_train_loss,final_test_loss,final_avg_spikes,layer4_linearity_spike_count,internal_metrics
6,expansive_delta_-1.5,-1.5,78.33333333333333,0.16872084092709325,2.149596118927002,416.12291666666664,0.7708333333333334,"{'layer1_rate_mean': 0.53177410364151, 'layer1_sparsity_mean': 0.46822589635849, 'layer2_rate_mean': 0.34003255764643353, 'layer2_sparsity_mean': 0.6599674463272095, 'layer3_rate_mean': 0.2259472668170929, 'layer3_sparsity_mean': 0.7740527391433716, 'layer4_rate_mean': 0.07156250228484472, 'layer4_sparsity_mean': 0.9284374952316284}"
6,tough_delta_2.0,2.0,49.791666666666664,0.03260606029371341,0.6455165346463522,293.86354166666666,0.5034722222222222,"{'layer1_rate_mean': 0.0031250000465661287, 'layer1_sparsity_mean': 0.996874988079071, 'layer2_rate_mean': 0.0, 'layer2_sparsity_mean': 1.0, 'layer3_rate_mean': 0.0, 'layer3_sparsity_mean': 1.0, 'layer4_rate_mean': 0.0, 'layer4_sparsity_mean': 1.0}"
6,dissipative_delta_10.0,10.0,49.791666666666664,0.04491609706723642,0.7365286191304524,394.46979166666665,0.5034722222222222,"{'layer1_rate_mean': 0.02644531304637591, 'layer1_sparsity_mean': 0.9735546906789144, 'layer2_rate_mean': 0.0, 'layer2_sparsity_mean': 1.0, 'layer3_rate_mean': 0.0, 'layer3_sparsity_mean': 1.0, 'layer4_rate_mean': 0.0, 'layer4_sparsity_mean': 1.0}"
