{
    "train_loss": [
        0.6642786100987466,
        0.5783067509051292,
        0.4395454376935959,
        0.29195028831881864,
        0.22997796078843455,
        0.2015333709216887,
        0.18932428283076133,
        0.18551329234915395,
        0.18090415481598146,
        0.17469632048760692,
        0.1707437415757487,
        0.169902189845039,
        0.17075676422926686,
        0.17010943255116862,
        0.16774034307849023,
        0.16518271858653716,
        0.16678265866733366,
        0.1641337703312597
    ],
    "train_acc": [
        49.974798387096776,
        50.025201612903224,
        82.93850806451613,
        99.3195564516129,
        99.3195564516129,
        99.3195564516129,
        99.3195564516129,
        99.3195564516129,
        99.3195564516129,
        99.3195564516129,
        99.3195564516129,
        99.36995967741936,
        99.34475806451613,
        99.3195564516129,
        99.36995967741936,
        99.24395161290323,
        99.39516129032258,
        99.36995967741936
    ],
    "test_loss": [
        0.658774999777476,
        0.6324392040570577,
        0.5800564567248027,
        0.42172962228457134,
        0.3724553803602854,
        0.30521033008893333,
        0.26353665987650554,
        0.42062303026517234,
        0.3519879162311554,
        0.3192218800385793,
        0.5037493487199147,
        0.5214228967825572,
        0.5430830935637156,
        0.4630311965942383,
        0.5655364890893301,
        0.7636149764060974,
        0.5188638190428416,
        0.5721504549185435
    ],
    "test_acc": [
        49.791666666666664,
        49.791666666666664,
        99.0625,
        99.0625,
        99.0625,
        99.0625,
        99.0625,
        98.22916666666667,
        94.0625,
        94.0625,
        49.791666666666664,
        50.416666666666664,
        50.0,
        85.20833333333333,
        49.791666666666664,
        49.791666666666664,
        50.729166666666664,
        49.791666666666664
    ],
    "spikes": [
        138.0,
        179.31666666666666,
        228.0875,
        252.371875,
        275.775,
        308.91875,
        313.515625,
        314.746875,
        322.59375,
        329.8645833333333,
        339.28229166666665,
        345.065625,
        349.7395833333333,
        357.3177083333333,
        360.5229166666667,
        369.2708333333333,
        376.71666666666664,
        380.42291666666665
    ]
}