{
    "train_loss": [
        0.661934369994748,
        0.5708573652851966,
        0.4103178732818173,
        0.2967048604642191,
        0.22457769513130188,
        0.20359861682499608,
        0.1908491955649468,
        0.1854867533810677,
        0.1802325335241133,
        0.17824353469956306,
        0.17489283820313792,
        0.1718394914942403,
        0.1732952015534524,
        0.16903124317046134,
        0.167487645341504,
        0.16851351770662493,
        0.16799899479073863,
        0.16190909293870773,
        0.14687281822965992,
        0.13774173862991795,
        0.11935543701533348
    ],
    "train_acc": [
        49.92439516129032,
        49.899193548387096,
        86.56754032258064,
        99.3195564516129,
        99.3195564516129,
        99.3195564516129,
        99.3195564516129,
        99.34475806451613,
        99.3195564516129,
        99.3195564516129,
        99.3195564516129,
        99.39516129032258,
        99.14314516129032,
        99.39516129032258,
        99.36995967741936,
        99.29435483870968,
        99.36995967741936,
        99.14314516129032,
        99.3195564516129,
        99.3195564516129,
        99.3195564516129
    ],
    "test_loss": [
        0.6933809081713359,
        0.6510593096415201,
        0.73617103099823,
        0.8153339266777039,
        0.8310582280158997,
        0.3310671985149384,
        0.7485560894012451,
        0.29042139848073323,
        0.27599602242310844,
        0.6636110305786133,
        0.48966402411460874,
        0.37159377336502075,
        0.3207749485969543,
        0.4500071108341217,
        0.3204539914925893,
        0.4170955220858256,
        0.4882410168647766,
        0.6599343260129292,
        0.27430809040864307,
        0.42071568767229717,
        0.33308913707733157
    ],
    "test_acc": [
        49.791666666666664,
        49.791666666666664,
        97.8125,
        87.08333333333333,
        53.020833333333336,
        98.33333333333333,
        50.208333333333336,
        98.02083333333333,
        98.33333333333333,
        73.95833333333333,
        97.8125,
        97.70833333333333,
        97.08333333333333,
        82.39583333333333,
        93.75,
        95.3125,
        78.33333333333333,
        66.14583333333333,
        98.33333333333333,
        98.33333333333333,
        97.60416666666667
    ],
    "spikes": [
        211.66458333333333,
        254.359375,
        289.63958333333335,
        317.19166666666666,
        337.9375,
        358.21666666666664,
        368.11145833333336,
        375.49791666666664,
        389.7135416666667,
        390.2875,
        397.2895833333333,
        409.4875,
        409.55,
        410.79375,
        407.94166666666666,
        422.3208333333333,
        424.62708333333336,
        432.11354166666666,
        433.05,
        435.771875,
        444.3208333333333
    ]
}