{
    "train_loss": [
        0.6109865423171751,
        0.48712112394071394,
        0.35517573452764944,
        0.2259175330400467,
        0.13422064531234004,
        0.08529614212532197,
        0.060553095153262536,
        0.04740715459469826,
        0.04010402327102999,
        0.03596173983908469,
        0.032994041594886975,
        0.03154515587694703,
        0.029948102310299873,
        0.02852876554994333,
        0.02847255739353357,
        0.028060822266965144
    ],
    "train_acc": [
        88.02923387096774,
        99.42036290322581,
        99.42036290322581,
        99.42036290322581,
        99.42036290322581,
        99.42036290322581,
        99.42036290322581,
        99.42036290322581,
        99.42036290322581,
        99.42036290322581,
        99.42036290322581,
        99.42036290322581,
        99.42036290322581,
        99.44556451612904,
        99.42036290322581,
        99.42036290322581
    ],
    "test_loss": [
        0.6750377813975016,
        0.6593672513961792,
        0.7012809554735819,
        0.7926775852839152,
        0.9355531811714173,
        1.1383182525634765,
        1.2189786156018576,
        1.2312897880872091,
        1.5313114007314046,
        1.4762365341186523,
        1.5710604747136434,
        1.6022387981414794,
        1.6197597901026408,
        1.7012754599253337,
        1.472838528951009,
        1.6415512005488078
    ],
    "test_acc": [
        50.208333333333336,
        50.208333333333336,
        50.208333333333336,
        50.208333333333336,
        50.208333333333336,
        50.208333333333336,
        50.208333333333336,
        50.208333333333336,
        50.208333333333336,
        50.208333333333336,
        50.208333333333336,
        50.208333333333336,
        50.208333333333336,
        50.208333333333336,
        50.208333333333336,
        50.208333333333336
    ]
}