{
    "train_loss": [
        0.6200008161606327,
        0.48773498592838166,
        0.3516865862954047,
        0.22815802909674182,
        0.14132437109947205,
        0.09221951254913884,
        0.06694247165033894,
        0.053877310406777165,
        0.04559803832202188,
        0.04252795289240537,
        0.03928675367346694,
        0.03856799580276974,
        0.03868659471552218,
        0.03796894834827511,
        0.03672170218440794,
        0.036935650480670795
    ],
    "train_acc": [
        82.76209677419355,
        99.24395161290323,
        99.24395161290323,
        99.24395161290323,
        99.26915322580645,
        99.24395161290323,
        99.24395161290323,
        99.24395161290323,
        99.26915322580645,
        99.24395161290323,
        99.26915322580645,
        99.24395161290323,
        99.24395161290323,
        99.24395161290323,
        99.24395161290323,
        99.24395161290323
    ],
    "test_loss": [
        0.6399314006169637,
        0.6857469042142232,
        0.8301811655362447,
        1.0222110708554586,
        1.3273706356684367,
        1.6241029818852744,
        1.8181047677993774,
        1.998824453353882,
        2.15640869140625,
        2.123195028305054,
        2.1331897497177126,
        2.385564915339152,
        2.553553318977356,
        2.263952136039734,
        2.3860690275828045,
        2.4155374844868978
    ],
    "test_acc": [
        50.208333333333336,
        50.208333333333336,
        50.208333333333336,
        50.208333333333336,
        50.208333333333336,
        50.208333333333336,
        50.208333333333336,
        50.208333333333336,
        50.208333333333336,
        50.208333333333336,
        50.208333333333336,
        50.208333333333336,
        50.208333333333336,
        50.208333333333336,
        50.208333333333336,
        50.208333333333336
    ]
}