{
    "train_loss": [
        0.659634300777989,
        0.5199840025555703,
        0.35210385582139414,
        0.27632067737079435,
        0.22756748310019892,
        0.1953725692245268,
        0.18460321282186815,
        0.1796619106204279,
        0.17609717600768612,
        0.17658770060346973,
        0.17392763495445251,
        0.17169176018045795,
        0.1670095341340188,
        0.1642750516053169,
        0.16597541517788364,
        0.164968746083398,
        0.16684828818805755,
        0.1628266255701742,
        0.15011521897489025,
        0.13781246290572227,
        0.1396068357411892,
        0.10386107441398405,
        0.09192583067042212,
        0.057005280418501746,
        0.043125340054112095,
        0.0368956960136852,
        0.03777631810836254,
        0.039433403947060144
    ],
    "train_acc": [
        49.92439516129032,
        56.224798387096776,
        99.26915322580645,
        99.26915322580645,
        99.26915322580645,
        99.26915322580645,
        99.26915322580645,
        99.04233870967742,
        99.24395161290323,
        99.16834677419355,
        99.29435483870968,
        99.19354838709677,
        99.21875,
        99.26915322580645,
        99.14314516129032,
        99.09274193548387,
        98.96673387096774,
        99.1179435483871,
        99.21875,
        99.29435483870968,
        99.14314516129032,
        99.19354838709677,
        99.16834677419355,
        98.89112903225806,
        99.04233870967742,
        99.3195564516129,
        99.26915322580645,
        99.26915322580645
    ],
    "test_loss": [
        0.6947235981623332,
        0.7246121962865194,
        0.8813018282254537,
        0.8151107788085937,
        0.8144988099733989,
        0.4289252499739329,
        0.42289730509122214,
        0.5238281647364299,
        0.39866104125976565,
        0.5310807844003042,
        0.5001480321089427,
        0.6763394236564636,
        0.39559352993965147,
        0.3083510716756185,
        0.5198269744714101,
        0.7778541286786397,
        0.32022109627723694,
        0.3163179616133372,
        0.3491000135739644,
        0.3223825991153717,
        0.36107125083605446,
        0.3326190928618113,
        0.345297376314799,
        0.3880788326263428,
        0.4502124885718028,
        0.4789846777915955,
        0.551996789375941,
        0.6131258090337117
    ],
    "test_acc": [
        49.791666666666664,
        49.791666666666664,
        79.27083333333333,
        93.64583333333333,
        56.041666666666664,
        57.1875,
        49.791666666666664,
        85.0,
        60.833333333333336,
        90.3125,
        50.208333333333336,
        98.02083333333333,
        99.0625,
        98.85416666666667,
        97.39583333333333,
        87.60416666666667,
        90.625,
        99.0625,
        88.54166666666667,
        98.64583333333333,
        98.75,
        90.20833333333333,
        49.791666666666664,
        49.791666666666664,
        49.791666666666664,
        56.666666666666664,
        49.791666666666664,
        49.791666666666664
    ],
    "spikes": [
        179.46041666666667,
        234.64479166666666,
        276.815625,
        308.371875,
        337.43645833333335,
        359.29375,
        374.58229166666666,
        374.01145833333334,
        386.87916666666666,
        391.2864583333333,
        406.01145833333334,
        407.2916666666667,
        416.3833333333333,
        419.7427083333333,
        428.1947916666667,
        425.9458333333333,
        439.01354166666664,
        445.41770833333334,
        451.6458333333333,
        453.62083333333334,
        452.0416666666667,
        465.8385416666667,
        488.853125,
        505.14375,
        508.590625,
        517.6333333333333,
        522.153125,
        525.2979166666667
    ]
}