{
    "train_loss": [
        0.6372329294681549,
        0.4873907393024814,
        0.35006476650314944,
        0.28466600516150076,
        0.22406892262158856,
        0.19604847291784902,
        0.18050883133565226,
        0.1750194817300766,
        0.1713357954736679,
        0.17065281781458086,
        0.1674352014257062,
        0.16599549377156841,
        0.15849997872306454,
        0.15603208229426416,
        0.1314795862042135,
        0.11500145470903765,
        0.09934087157730133
    ],
    "train_acc": [
        49.974798387096776,
        63.86088709677419,
        98.84072580645162,
        99.29435483870968,
        99.29435483870968,
        99.29435483870968,
        99.29435483870968,
        99.29435483870968,
        99.42036290322581,
        99.24395161290323,
        99.26915322580645,
        99.39516129032258,
        99.3195564516129,
        99.1179435483871,
        99.42036290322581,
        99.21875,
        99.26915322580645
    ],
    "test_loss": [
        0.7125168283780415,
        0.8197853922843933,
        0.9238141536712646,
        1.1266741116841634,
        1.182205367088318,
        1.03085302511851,
        1.2338557124137879,
        1.2022340854008993,
        0.7373222470283508,
        1.7495455423990884,
        1.1660671432813008,
        1.4208070437113445,
        1.2871266643206278,
        1.1097126245498656,
        1.6131385485331218,
        1.274834108352661,
        1.4432807922363282
    ],
    "test_acc": [
        49.791666666666664,
        79.27083333333333,
        53.75,
        50.208333333333336,
        50.208333333333336,
        50.208333333333336,
        50.208333333333336,
        50.208333333333336,
        57.916666666666664,
        50.208333333333336,
        50.208333333333336,
        50.208333333333336,
        50.208333333333336,
        50.208333333333336,
        50.208333333333336,
        50.208333333333336,
        50.208333333333336
    ],
    "spikes": [
        211.54270833333334,
        263.55625,
        300.72083333333336,
        347.8979166666667,
        366.81666666666666,
        375.56666666666666,
        387.97291666666666,
        393.74583333333334,
        391.534375,
        400.95520833333336,
        410.0375,
        417.084375,
        428.98645833333336,
        434.06666666666666,
        445.26458333333335,
        458.2739583333333,
        457.7447916666667
    ]
}