{
    "train_loss": [
        0.718943961205021,
        0.7139098144346668,
        0.6890275295703642,
        0.662931872952369,
        0.601836766927473,
        0.5516119157114336,
        0.4375096232660355,
        0.26451976477138456,
        0.07858535779579993,
        0.05115577323181975,
        0.044838291202341354,
        0.041572452132259644,
        0.037079355754559076,
        0.03367430782846866,
        0.032557033963741794,
        0.03402176603765016
    ],
    "train_acc": [
        50.0,
        50.07560483870968,
        49.899193548387096,
        49.974798387096776,
        49.899193548387096,
        49.84879032258065,
        50.025201612903224,
        69.88407258064517,
        99.47076612903226,
        99.44556451612904,
        99.44556451612904,
        99.44556451612904,
        99.44556451612904,
        99.44556451612904,
        99.44556451612904,
        99.44556451612904
    ],
    "test_loss": [
        0.716110622882843,
        0.6902956446011861,
        0.7652242541313171,
        0.7514763116836548,
        0.8090679923693339,
        0.9069587111473083,
        1.111310561498006,
        1.1183194518089294,
        1.3948938290278117,
        1.4192881425221762,
        1.2524302879969278,
        1.349741260210673,
        1.380726432800293,
        1.3287382920583088,
        1.2264923413594564,
        1.2897340854008992
    ],
    "test_acc": [
        49.791666666666664,
        49.791666666666664,
        49.791666666666664,
        49.791666666666664,
        49.791666666666664,
        49.791666666666664,
        49.791666666666664,
        49.791666666666664,
        49.791666666666664,
        49.791666666666664,
        49.791666666666664,
        49.791666666666664,
        49.791666666666664,
        49.791666666666664,
        49.791666666666664,
        49.791666666666664
    ],
    "spikes": [
        18.492708333333333,
        85.66770833333334,
        125.31458333333333,
        122.13020833333333,
        121.76979166666666,
        125.45208333333333,
        146.97708333333333,
        256.5125,
        320.7552083333333,
        336.2125,
        346.559375,
        351.17083333333335,
        358.1822916666667,
        357.95208333333335,
        356.51770833333336,
        357.1197916666667
    ]
}