{
    "train_loss": [
        0.6195795430291083,
        0.46080215659833723,
        0.31712953698250557,
        0.19977771466778171,
        0.12051451506633912,
        0.07994804230909194,
        0.05918673726339494,
        0.04783849270954248,
        0.0414285781462827,
        0.03790989659366108,
        0.03572875735980849,
        0.03487249379677157,
        0.03268838098513022,
        0.030811298097814282,
        0.031089897673096386,
        0.03223958321576638,
        0.028775139020815972,
        0.030586856237101938,
        0.032217728867826444,
        0.03062543501296351,
        0.03218841077309222,
        0.02906352774270119,
        0.03061477335229997,
        0.029574267708906723,
        0.030388247304325624,
        0.030290114914908284,
        0.02935256650145616,
        0.030246626720913956,
        0.0302521274500196,
        0.029658083090438478
    ],
    "train_acc": [
        83.82056451612904,
        99.34475806451613,
        99.34475806451613,
        99.34475806451613,
        99.34475806451613,
        99.34475806451613,
        99.34475806451613,
        99.34475806451613,
        99.34475806451613,
        99.34475806451613,
        99.34475806451613,
        99.34475806451613,
        99.34475806451613,
        99.36995967741936,
        99.34475806451613,
        99.34475806451613,
        99.39516129032258,
        99.34475806451613,
        99.34475806451613,
        99.34475806451613,
        99.34475806451613,
        99.34475806451613,
        99.34475806451613,
        99.34475806451613,
        99.34475806451613,
        99.34475806451613,
        99.34475806451613,
        99.34475806451613,
        99.34475806451613,
        99.34475806451613
    ],
    "test_loss": [
        0.6462999780972799,
        0.5954543193181355,
        0.5347897628943126,
        0.5722957193851471,
        0.628014075756073,
        0.551526008049647,
        0.7203105370203654,
        0.6769116838773092,
        0.798852022488912,
        0.6513422588507335,
        0.5459004481633504,
        0.6494068443775177,
        0.7027750154336293,
        0.5507735490798951,
        0.28340939382712044,
        0.5660482426484426,
        0.4830470363299052,
        0.6244797388712565,
        0.4536911110083262,
        0.7372484842936198,
        0.33567881484826406,
        0.8973237832387289,
        0.4802136361598969,
        0.6123846113681793,
        0.41604424715042115,
        0.3866425136725108,
        0.2783670097589493,
        1.010770352681478,
        0.3682824452718099,
        0.4121726373831431
    ],
    "test_acc": [
        50.208333333333336,
        50.208333333333336,
        50.208333333333336,
        50.208333333333336,
        50.208333333333336,
        50.208333333333336,
        50.208333333333336,
        50.208333333333336,
        50.208333333333336,
        50.208333333333336,
        50.208333333333336,
        50.208333333333336,
        50.208333333333336,
        50.208333333333336,
        96.35416666666667,
        50.208333333333336,
        52.604166666666664,
        50.208333333333336,
        57.5,
        50.208333333333336,
        90.83333333333333,
        50.208333333333336,
        54.270833333333336,
        50.208333333333336,
        70.72916666666667,
        80.52083333333333,
        96.04166666666667,
        50.208333333333336,
        85.41666666666667,
        71.97916666666667
    ]
}