repetition,mode,delta,best_test_accuracy,final_train_loss,final_test_loss,final_avg_spikes,layer4_linearity_spike_count,internal_metrics
16,expansive_delta_-1.5,-1.5,98.54166666666667,0.03652847650641155,0.5724169671535492,510.79375,0.9930555555555556,"{'layer1_rate_mean': 0.5920052250226339, 'layer1_sparsity_mean': 0.40799477497736614, 'layer2_rate_mean': 0.32559570868810017, 'layer2_sparsity_mean': 0.6744042952855428, 'layer3_rate_mean': 0.26922526756922405, 'layer3_sparsity_mean': 0.7307747364044189, 'layer4_rate_mean': 0.163958336909612, 'layer4_sparsity_mean': 0.8360416650772095}"
16,tough_delta_2.0,2.0,49.791666666666664,0.04063860144496204,1.0887701551119486,224.975,0.5034722222222222,"{'layer1_rate_mean': 0.00937500037252903, 'layer1_sparsity_mean': 0.9906250238418579, 'layer2_rate_mean': 0.0, 'layer2_sparsity_mean': 1.0, 'layer3_rate_mean': 0.0, 'layer3_sparsity_mean': 1.0, 'layer4_rate_mean': 0.0, 'layer4_sparsity_mean': 1.0}"
16,dissipative_delta_10.0,10.0,80.10416666666667,0.03827915544952116,1.4641191164652507,318.528125,0.8020833333333334,"{'layer1_rate_mean': 0.2181901067495346, 'layer1_sparsity_mean': 0.7818098942438761, 'layer2_rate_mean': 0.15580403904120127, 'layer2_sparsity_mean': 0.8441959698994954, 'layer3_rate_mean': 0.07471028765042623, 'layer3_sparsity_mean': 0.9252897183100383, 'layer4_rate_mean': 0.031562500571211176, 'layer4_sparsity_mean': 0.9684374968210856}"
