{
    "train_loss": [
        0.7427835820182678,
        0.7359902041573678,
        0.7309973566762863,
        0.6565035475838569,
        0.5234031307120477,
        0.45715965715146833,
        0.37231291061447513,
        0.27985466920560403,
        0.18039652573004847,
        0.0653252279866607,
        0.03587327594117772,
        0.03145627423580135,
        0.0324795916526308,
        0.032287050173768116,
        0.02922953336289333,
        0.03276022808295825,
        0.03077029937788123,
        0.030734483888673204,
        0.02967951556427344,
        0.027670418197709705,
        0.029659108243762486,
        0.03089135707235865,
        0.029200481926842083,
        0.028979728614250497,
        0.028857228969554265,
        0.027036411635157083,
        0.026792542483176914,
        0.027583724233291803,
        0.025574056033585823
    ],
    "train_acc": [
        50.176411290322584,
        50.0,
        50.025201612903224,
        49.92439516129032,
        50.0,
        50.100806451612904,
        50.07560483870968,
        50.05040322580645,
        77.2429435483871,
        99.57157258064517,
        99.57157258064517,
        99.57157258064517,
        99.57157258064517,
        99.57157258064517,
        99.57157258064517,
        99.57157258064517,
        99.57157258064517,
        99.57157258064517,
        99.57157258064517,
        99.57157258064517,
        99.57157258064517,
        99.57157258064517,
        99.57157258064517,
        99.57157258064517,
        99.57157258064517,
        99.57157258064517,
        99.57157258064517,
        99.57157258064517,
        99.57157258064517
    ],
    "test_loss": [
        0.7374953826268514,
        0.7322324037551879,
        0.6976543664932251,
        0.8436505357424419,
        1.0906934181849162,
        1.206518578529358,
        1.3225266138712566,
        1.5160739024480183,
        0.9034356991449992,
        0.5529731233914693,
        0.6129551887512207,
        0.6836496472358704,
        0.5661232908566792,
        0.5744068304697673,
        0.6009739557902019,
        0.5732689738273621,
        0.6054095188776653,
        0.6955737829208374,
        0.6323118607203165,
        0.6151821732521057,
        0.8915822545687357,
        0.6231938401858012,
        0.8401256799697876,
        0.8031497836112976,
        0.7334920247395833,
        0.6834154725074768,
        0.6845890323321024,
        0.6266241312026978,
        0.6319355964660645
    ],
    "test_acc": [
        49.791666666666664,
        49.791666666666664,
        49.791666666666664,
        49.791666666666664,
        49.791666666666664,
        49.791666666666664,
        49.791666666666664,
        49.791666666666664,
        49.791666666666664,
        78.4375,
        83.4375,
        96.45833333333333,
        92.91666666666667,
        97.60416666666667,
        50.9375,
        82.60416666666667,
        50.729166666666664,
        89.79166666666667,
        53.125,
        50.625,
        50.208333333333336,
        97.5,
        85.52083333333333,
        50.208333333333336,
        94.0625,
        50.208333333333336,
        50.208333333333336,
        50.208333333333336,
        50.208333333333336
    ],
    "spikes": [
        6.722916666666666,
        32.96875,
        81.39270833333333,
        126.62604166666667,
        134.09375,
        138.49895833333332,
        140.53958333333333,
        152.04583333333332,
        204.03854166666667,
        259.0552083333333,
        272.690625,
        275.19166666666666,
        274.478125,
        276.48020833333334,
        285.05833333333334,
        280.9,
        284.37604166666665,
        289.34375,
        288.0395833333333,
        283.91041666666666,
        271.93125,
        267.903125,
        267.890625,
        270.3229166666667,
        270.9458333333333,
        279.6802083333333,
        278.28541666666666,
        278.5697916666667,
        278.096875
    ]
}