{
    "train_loss": [
        0.5605221635872318,
        0.428533362765466,
        0.296445831656456,
        0.18716180781202932,
        0.11664056165083762,
        0.07721545228794698,
        0.05727468304816754,
        0.04564989968052795,
        0.03948723455710757,
        0.035616384759064645,
        0.03386760376874478,
        0.032750703394412994,
        0.03154374578697307,
        0.030687960615802194,
        0.030426805733793204,
        0.030203099572850813
    ],
    "train_acc": [
        98.08467741935483,
        99.36995967741936,
        99.39516129032258,
        99.36995967741936,
        99.36995967741936,
        99.39516129032258,
        99.36995967741936,
        99.36995967741936,
        99.36995967741936,
        99.36995967741936,
        99.36995967741936,
        99.36995967741936,
        99.36995967741936,
        99.36995967741936,
        99.36995967741936,
        99.39516129032258
    ],
    "test_loss": [
        0.6212606588999431,
        0.583086880048116,
        0.5615275243918101,
        0.5523284872372946,
        0.5612358192602793,
        0.5747126917044322,
        0.5248832484086354,
        0.6577108184496562,
        0.5396696825822195,
        0.4421454191207886,
        0.7085868914922079,
        0.5894695242245992,
        0.6217416961987813,
        0.46962188482284545,
        0.6917214433352152,
        0.617201954126358
    ],
    "test_acc": [
        75.625,
        50.520833333333336,
        50.208333333333336,
        50.208333333333336,
        50.208333333333336,
        50.208333333333336,
        50.208333333333336,
        50.208333333333336,
        50.208333333333336,
        61.25,
        50.208333333333336,
        50.208333333333336,
        50.208333333333336,
        56.5625,
        50.208333333333336,
        50.208333333333336
    ]
}