{
    "train_loss": [
        0.6931612760789932,
        0.6931553242668029,
        0.6931686949345374,
        0.6323961644403396,
        0.4442710785135146,
        0.22371462516246304,
        0.09387003420101057,
        0.05994589491597106,
        0.049527018661460566,
        0.038721965190263524,
        0.039225676247189124,
        0.033452847732170936,
        0.0334147836096705,
        0.029545578685018323,
        0.034891451078076514,
        0.03210170274119704,
        0.026764364079422048,
        0.026930337523921363,
        0.030565929321211674,
        0.028109929637022076,
        0.03464970442526523,
        0.02861750771802279,
        0.031912241236216596,
        0.029214616286598386,
        0.02852589301314325,
        0.025552819310236844,
        0.025176350876028018,
        0.02633102156687528,
        0.02422008262721882,
        0.025131021126834376,
        0.02401640186942513,
        0.029083106689335357
    ],
    "train_acc": [
        50.07560483870968,
        50.12600806451613,
        49.94959677419355,
        56.577620967741936,
        79.5866935483871,
        98.18548387096774,
        98.58870967741936,
        98.61391129032258,
        98.79032258064517,
        99.04233870967742,
        98.38709677419355,
        98.05947580645162,
        99.26915322580645,
        99.39516129032258,
        98.86592741935483,
        98.99193548387096,
        99.24395161290323,
        99.14314516129032,
        98.94153225806451,
        99.26915322580645,
        98.94153225806451,
        99.26915322580645,
        99.1179435483871,
        99.19354838709677,
        99.36995967741936,
        99.29435483870968,
        99.3195564516129,
        99.21875,
        99.29435483870968,
        99.06754032258064,
        99.21875,
        99.19354838709677
    ],
    "test_loss": [
        0.6931636095046997,
        0.6931643684705099,
        0.6801215608914694,
        0.7517543236414591,
        0.8633796175320944,
        1.185548770427704,
        1.6328777074813843,
        1.5338428576787313,
        1.3605080445607503,
        1.3790467977523804,
        1.2235244512557983,
        1.2694624384244284,
        1.2690173506736755,
        1.1985174298286438,
        1.2939661900202433,
        1.2727284908294678,
        1.1562158068021138,
        1.1668914675712585,
        1.2147164980570475,
        1.2923803091049195,
        1.5654275019963582,
        1.3140360991160074,
        1.403840470314026,
        1.3938111464182537,
        1.1448071559270223,
        1.2774447083473206,
        1.3685513655344645,
        1.4376978635787965,
        1.277407455444336,
        1.296054522196452,
        1.1840235034624735,
        1.1017330288887024
    ],
    "test_acc": [
        49.791666666666664,
        49.791666666666664,
        49.791666666666664,
        69.89583333333333,
        91.25,
        50.208333333333336,
        50.208333333333336,
        50.208333333333336,
        78.54166666666667,
        78.64583333333333,
        89.79166666666667,
        67.1875,
        98.125,
        80.625,
        62.291666666666664,
        69.27083333333333,
        98.22916666666667,
        91.97916666666667,
        72.39583333333333,
        62.291666666666664,
        58.854166666666664,
        83.22916666666667,
        50.208333333333336,
        50.3125,
        62.604166666666664,
        53.541666666666664,
        52.291666666666664,
        53.541666666666664,
        70.3125,
        68.64583333333333,
        78.33333333333333,
        88.125
    ],
    "spikes": [
        13.676041666666666,
        36.61770833333333,
        70.9,
        128.746875,
        180.559375,
        246.11979166666666,
        284.56145833333335,
        301.6489583333333,
        305.60625,
        309.8385416666667,
        310.6875,
        315.4479166666667,
        313.01875,
        313.3833333333333,
        314.43854166666665,
        311.71666666666664,
        311.23333333333335,
        309.73229166666664,
        308.8645833333333,
        308.503125,
        309.1979166666667,
        306.55625,
        298.9375,
        299.596875,
        298.53229166666665,
        304.00208333333336,
        301.5072916666667,
        304.79583333333335,
        308.84479166666665,
        311.91875,
        313.76770833333336,
        315.3520833333333
    ]
}