{
    "train_loss": [
        0.6931819137065641,
        0.6931811753780611,
        0.6931612280107313,
        0.6839023540096898,
        0.5606718164297843,
        0.3662755885912526,
        0.17625716514885426,
        0.06594501135330047,
        0.04741772800503719,
        0.040048538992602016,
        0.040166485018186995,
        0.03950424378197039,
        0.03936845728106076,
        0.04021793353040853,
        0.03854893951586658,
        0.037640422785414324
    ],
    "train_acc": [
        49.899193548387096,
        50.0,
        49.84879032258065,
        50.100806451612904,
        50.0,
        50.0,
        76.0836693548387,
        99.36995967741936,
        99.34475806451613,
        99.36995967741936,
        99.34475806451613,
        99.34475806451613,
        99.34475806451613,
        99.34475806451613,
        99.34475806451613,
        99.36995967741936
    ],
    "test_loss": [
        0.6931498726209004,
        0.6931424975395203,
        0.6931403160095215,
        0.6902379155158996,
        0.8143942554791769,
        0.9300382057825725,
        1.0363684177398682,
        0.7999390006065369,
        0.8246163249015808,
        0.7939741651217143,
        0.8266650040944418,
        0.9769105553627014,
        0.8474043647448222,
        0.9040815075238545,
        1.0231532335281373,
        0.909183673063914
    ],
    "test_acc": [
        49.791666666666664,
        49.791666666666664,
        49.791666666666664,
        49.791666666666664,
        49.791666666666664,
        49.791666666666664,
        49.791666666666664,
        49.791666666666664,
        49.791666666666664,
        49.791666666666664,
        49.791666666666664,
        49.791666666666664,
        49.791666666666664,
        49.791666666666664,
        49.791666666666664,
        49.791666666666664
    ],
    "spikes": [
        2.0,
        9.971875,
        31.307291666666668,
        72.82916666666667,
        101.16041666666666,
        135.48645833333333,
        206.14375,
        241.884375,
        261.2583333333333,
        262.55,
        268.03333333333336,
        271.790625,
        270.86145833333336,
        273.721875,
        276.3333333333333,
        275.0729166666667
    ]
}