{
    "train_loss": [
        0.6779836320107983,
        0.5959700192174604,
        0.4501489843091657,
        0.31402327552918463,
        0.22051497188306624,
        0.19015177868066296,
        0.1787187086959039,
        0.1724685166151293,
        0.1691448883183541,
        0.1698291354602383,
        0.16779329123035555,
        0.16442308118266444,
        0.16451900764819113,
        0.16706047832004486,
        0.15168127681939833,
        0.1107705507066942,
        0.07275382831933037,
        0.054625926058619254,
        0.04961060705564676,
        0.0432822544187788,
        0.037650313799179366,
        0.028282762234730106,
        0.023681061575189233,
        0.029592484769020832,
        0.02744910530295343,
        0.028815473970626632,
        0.024121960940500422,
        0.0258028665933037
    ],
    "train_acc": [
        49.974798387096776,
        50.07560483870968,
        92.71673387096774,
        99.44556451612904,
        99.44556451612904,
        99.44556451612904,
        99.44556451612904,
        99.44556451612904,
        99.44556451612904,
        99.39516129032258,
        99.44556451612904,
        99.44556451612904,
        99.39516129032258,
        99.44556451612904,
        99.44556451612904,
        99.44556451612904,
        99.44556451612904,
        99.44556451612904,
        99.47076612903226,
        99.44556451612904,
        99.44556451612904,
        99.44556451612904,
        99.47076612903226,
        99.44556451612904,
        99.44556451612904,
        99.44556451612904,
        99.44556451612904,
        99.44556451612904
    ],
    "test_loss": [
        0.6867124557495117,
        0.678073275089264,
        0.6453659057617187,
        0.6393947203954061,
        0.7409418185551961,
        0.31920939485232036,
        0.3021381398042043,
        0.32743960022926333,
        0.2721821486949921,
        0.5146580477555592,
        0.31896512111028036,
        0.3167178869247437,
        0.35039123296737673,
        0.5452993472417196,
        0.3564743101596832,
        0.3673667132854462,
        0.5379395186901093,
        0.4787289063135783,
        0.865497640768687,
        0.679619562625885,
        0.7022176464398702,
        0.6103452483812968,
        0.8235911289850871,
        0.746553893884023,
        0.8395858923594157,
        0.8455082058906556,
        0.7138518691062927,
        0.814983602364858
    ],
    "test_acc": [
        49.791666666666664,
        52.083333333333336,
        87.08333333333333,
        91.04166666666667,
        63.020833333333336,
        98.75,
        98.85416666666667,
        98.75,
        98.85416666666667,
        95.72916666666667,
        98.64583333333333,
        98.54166666666667,
        99.0625,
        80.3125,
        91.66666666666667,
        74.79166666666667,
        50.520833333333336,
        86.25,
        49.791666666666664,
        49.791666666666664,
        49.791666666666664,
        49.791666666666664,
        49.791666666666664,
        49.791666666666664,
        49.791666666666664,
        49.791666666666664,
        49.791666666666664,
        49.791666666666664
    ],
    "spikes": [
        163.00104166666668,
        202.05208333333334,
        254.76354166666667,
        318.99583333333334,
        365.065625,
        372.91875,
        386.846875,
        395.334375,
        403.7114583333333,
        411.0260416666667,
        413.5,
        414.1479166666667,
        423.31354166666665,
        441.26770833333336,
        456.0854166666667,
        479.08958333333334,
        485.9270833333333,
        491.8677083333333,
        499.734375,
        499.72291666666666,
        506.25104166666665,
        509.47291666666666,
        512.7020833333333,
        513.6645833333333,
        519.1864583333333,
        522.00625,
        523.921875,
        528.6958333333333
    ]
}