{
    "train_loss": [
        0.6954960563490468,
        0.6949644944360179,
        0.6835793227918686,
        0.6089892031684998,
        0.4938281322679212,
        0.24121899902820587,
        0.08949568885709008,
        0.043484006978331075,
        0.03188763423672607,
        0.030290201772004366,
        0.02638746233236405,
        0.035209835259123676,
        0.032477713370275114,
        0.03058593341660115,
        0.03357928928228155,
        0.029824310410467368,
        0.03332962839293384,
        0.0320808919101593,
        0.032545719611188094,
        0.030088831204921007,
        0.029500635355831153,
        0.02842899300758877,
        0.02832089676221292,
        0.027118669529896108,
        0.02727242746961213,
        0.02422079561097968,
        0.02713666594917736,
        0.026422978254906353,
        0.02723663851183148
    ],
    "train_acc": [
        50.025201612903224,
        49.92439516129032,
        49.92439516129032,
        50.0,
        49.974798387096776,
        92.2883064516129,
        99.47076612903226,
        99.49596774193549,
        99.49596774193549,
        99.49596774193549,
        99.5211693548387,
        99.49596774193549,
        99.49596774193549,
        99.49596774193549,
        99.49596774193549,
        99.49596774193549,
        99.49596774193549,
        99.49596774193549,
        99.49596774193549,
        99.49596774193549,
        99.49596774193549,
        99.49596774193549,
        99.49596774193549,
        99.49596774193549,
        99.49596774193549,
        99.5211693548387,
        99.49596774193549,
        99.49596774193549,
        99.49596774193549
    ],
    "test_loss": [
        0.6953973134358724,
        0.6948250691095988,
        0.7369858543078105,
        0.7190598130226136,
        0.8649624586105347,
        0.959825587272644,
        0.9331592202186585,
        0.8664108594258626,
        0.7311493714650472,
        0.6283828059832255,
        0.6135143637657166,
        0.6111866950988769,
        0.6261518597602844,
        0.5989379286766052,
        0.5994918862978618,
        0.6568461418151855,
        0.6556485215822856,
        0.5614319682121277,
        0.6585707108179728,
        0.59697980483373,
        0.6687987208366394,
        0.6370730241139729,
        0.623195493221283,
        0.686246395111084,
        0.6724402586619059,
        0.6985109925270081,
        0.7559822599093119,
        0.6551876942316691,
        0.5872044702370961
    ],
    "test_acc": [
        49.791666666666664,
        49.791666666666664,
        49.791666666666664,
        49.791666666666664,
        63.541666666666664,
        79.375,
        50.208333333333336,
        50.208333333333336,
        74.0625,
        79.58333333333333,
        83.02083333333333,
        73.85416666666667,
        63.645833333333336,
        95.52083333333333,
        92.60416666666667,
        49.791666666666664,
        56.458333333333336,
        86.66666666666667,
        49.791666666666664,
        50.0,
        49.791666666666664,
        49.791666666666664,
        49.791666666666664,
        49.791666666666664,
        49.791666666666664,
        49.791666666666664,
        49.791666666666664,
        49.791666666666664,
        49.791666666666664
    ],
    "spikes": [
        6.394791666666666,
        33.514583333333334,
        104.27395833333334,
        110.43125,
        161.40104166666666,
        238.26145833333334,
        282.5229166666667,
        312.459375,
        333.40625,
        344.82916666666665,
        347.33125,
        350.8697916666667,
        354.75,
        349.4145833333333,
        340.6625,
        336.12291666666664,
        328.6510416666667,
        329.45625,
        318.93645833333335,
        327.0,
        322.7875,
        326.8666666666667,
        327.3489583333333,
        327.40520833333335,
        330.825,
        330.15,
        321.50416666666666,
        326.76875,
        325.16770833333334
    ]
}