{
    "train_loss": [
        0.6439157493652836,
        0.4798670829303803,
        0.33632374434701856,
        0.2511080503463745,
        0.19968626071368495,
        0.19011770525286276,
        0.18633551583174737,
        0.1773620243034055,
        0.174748181575729,
        0.174262085749257,
        0.17323294089686486,
        0.1735218352367801,
        0.1692029879458489,
        0.1713893185219457,
        0.14025155178481533,
        0.13655601477911394,
        0.12091771044558094,
        0.06786742328756279,
        0.05186965223401785,
        0.04981875729056135,
        0.04134894237523117,
        0.037928379215900934,
        0.03478175748680388,
        0.03652847650641155
    ],
    "train_acc": [
        50.025201612903224,
        54.6875,
        98.9163306451613,
        99.36995967741936,
        99.39516129032258,
        99.36995967741936,
        99.36995967741936,
        99.39516129032258,
        99.39516129032258,
        99.47076612903226,
        99.39516129032258,
        99.36995967741936,
        99.36995967741936,
        99.36995967741936,
        99.36995967741936,
        99.36995967741936,
        99.39516129032258,
        99.39516129032258,
        99.36995967741936,
        99.36995967741936,
        99.36995967741936,
        99.36995967741936,
        99.36995967741936,
        99.36995967741936
    ],
    "test_loss": [
        0.6427948554356893,
        0.5606376091639201,
        0.4567903637886047,
        0.3665017902851105,
        0.4220483680566152,
        0.3382638176282247,
        0.34338069955507916,
        0.35079792539278665,
        0.307834263642629,
        0.2727072368065516,
        0.4336657186349233,
        0.3694309532642365,
        0.2517205516497294,
        0.27138503789901736,
        0.3471838176250458,
        0.7901089549064636,
        0.37460499405860903,
        0.4349224110444387,
        0.3764715989430745,
        0.3977988084157308,
        0.4264210402965546,
        0.5754896660645803,
        0.5721310834089915,
        0.5724169671535492
    ],
    "test_acc": [
        49.791666666666664,
        49.791666666666664,
        82.1875,
        93.85416666666667,
        66.04166666666667,
        88.95833333333333,
        98.125,
        98.125,
        98.54166666666667,
        98.54166666666667,
        96.25,
        97.60416666666667,
        98.54166666666667,
        98.54166666666667,
        98.33333333333333,
        56.041666666666664,
        97.8125,
        97.1875,
        97.1875,
        94.0625,
        98.33333333333333,
        94.375,
        72.5,
        92.8125
    ],
    "spikes": [
        208.31770833333334,
        253.41875,
        288.9,
        330.6791666666667,
        349.384375,
        353.509375,
        358.659375,
        373.08958333333334,
        381.42395833333336,
        392.509375,
        390.1958333333333,
        392.52708333333334,
        399.840625,
        408.68854166666665,
        419.290625,
        425.021875,
        441.0104166666667,
        461.559375,
        479.58020833333336,
        485.67395833333336,
        488.203125,
        502.01666666666665,
        505.325,
        510.79375
    ]
}