{
    "train_loss": [
        0.7467131172457049,
        0.7400477028662159,
        0.6943860996154047,
        0.6798320345340236,
        0.629423443348177,
        0.5960976779460907,
        0.5295977462683955,
        0.4033399897236978,
        0.24957999202512926,
        0.10965420504010492,
        0.04745553524023102,
        0.028324710791029276,
        0.026555941342526385,
        0.027376501963684154,
        0.025233092034355767,
        0.02411904721520841,
        0.02375795087596822,
        0.020249091693380426,
        0.025607974936945305,
        0.021991824626081413
    ],
    "train_acc": [
        49.94959677419355,
        50.025201612903224,
        49.84879032258065,
        49.974798387096776,
        50.05040322580645,
        49.899193548387096,
        61.79435483870968,
        92.71673387096774,
        99.57157258064517,
        99.57157258064517,
        99.57157258064517,
        99.57157258064517,
        99.57157258064517,
        99.57157258064517,
        99.57157258064517,
        99.57157258064517,
        99.57157258064517,
        99.57157258064517,
        99.57157258064517,
        99.57157258064517
    ],
    "test_loss": [
        0.7443410992622376,
        0.6991274515787761,
        0.7607244253158569,
        0.7567584872245788,
        0.7840861042340597,
        0.7924692153930664,
        0.8460431575775147,
        1.033126437664032,
        0.9859955430030822,
        1.1481358408927917,
        0.8546082735061645,
        0.8988190491994222,
        0.9238716165224711,
        0.9236326734224956,
        0.8865577856699626,
        0.8877235651016235,
        0.8512222409248352,
        1.1573125004768372,
        0.9524808724721273,
        0.9176235636075337
    ],
    "test_acc": [
        49.791666666666664,
        49.791666666666664,
        49.791666666666664,
        49.791666666666664,
        72.60416666666667,
        50.208333333333336,
        50.208333333333336,
        50.208333333333336,
        50.208333333333336,
        50.208333333333336,
        50.208333333333336,
        50.208333333333336,
        54.166666666666664,
        50.208333333333336,
        50.3125,
        50.208333333333336,
        50.208333333333336,
        50.208333333333336,
        50.208333333333336,
        50.208333333333336
    ],
    "spikes": [
        17.19375,
        85.63229166666666,
        143.91458333333333,
        137.8,
        139.38645833333334,
        139.13645833333334,
        142.16041666666666,
        179.99895833333332,
        237.68854166666668,
        278.90729166666665,
        306.7083333333333,
        314.15208333333334,
        318.0625,
        319.65729166666665,
        323.01979166666666,
        324.51354166666664,
        328.940625,
        335.92395833333336,
        329.53125,
        328.54479166666664
    ]
}