{
    "train_loss": [
        0.6937581041166859,
        0.693581340774413,
        0.6934302112748546,
        0.6707690156275227,
        0.4349812062517289,
        0.1872017164864848,
        0.06521975822866924,
        0.04714233174379314,
        0.03836423160147763,
        0.035805452194425366,
        0.032786692432578535,
        0.03512072810272296,
        0.03241217643353007,
        0.031300421691529696,
        0.032214312108173486,
        0.030956940680381753,
        0.03196472301328134,
        0.03282609491068269,
        0.030936684053871902,
        0.029002675456145117,
        0.030866409749573758,
        0.03759857981405672
    ],
    "train_acc": [
        50.0,
        50.0,
        49.92439516129032,
        49.94959677419355,
        50.20161290322581,
        94.2288306451613,
        99.39516129032258,
        99.44556451612904,
        99.44556451612904,
        99.44556451612904,
        99.44556451612904,
        99.44556451612904,
        99.44556451612904,
        99.44556451612904,
        99.44556451612904,
        99.44556451612904,
        99.44556451612904,
        99.44556451612904,
        99.44556451612904,
        99.47076612903226,
        99.47076612903226,
        99.42036290322581
    ],
    "test_loss": [
        0.6935082157452901,
        0.6934016585350037,
        0.6927508354187012,
        0.6812978227933247,
        0.5897632996241252,
        0.7338304479916891,
        0.7796448906262715,
        0.7673833807309468,
        0.6903401613235474,
        0.7572035590807596,
        0.7592494249343872,
        0.6407505671183268,
        0.6862909317016601,
        0.6490256786346436,
        0.6838276942571004,
        0.801125971476237,
        1.0075286388397218,
        1.0959565758705139,
        0.9254854559898377,
        1.0490158756573995,
        1.0075834234555563,
        0.7537432193756104
    ],
    "test_acc": [
        49.791666666666664,
        49.791666666666664,
        49.791666666666664,
        49.791666666666664,
        49.791666666666664,
        98.54166666666667,
        98.75,
        94.47916666666667,
        77.91666666666667,
        90.625,
        98.75,
        77.29166666666667,
        97.1875,
        97.8125,
        96.97916666666667,
        98.54166666666667,
        97.8125,
        51.145833333333336,
        96.77083333333333,
        80.3125,
        89.375,
        88.54166666666667
    ],
    "spikes": [
        7.328125,
        34.39791666666667,
        63.104166666666664,
        145.50625,
        264.26354166666664,
        340.1020833333333,
        377.53541666666666,
        400.2083333333333,
        408.46458333333334,
        410.8520833333333,
        414.459375,
        414.3666666666667,
        411.9291666666667,
        410.71875,
        408.18541666666664,
        408.11041666666665,
        415.271875,
        407.62604166666665,
        409.771875,
        410.25,
        409.1145833333333,
        397.60729166666664
    ]
}