{
    "train_loss": [
        0.6986113719401821,
        0.6974892260566834,
        0.6827217138582661,
        0.6254961865563546,
        0.5436236666094872,
        0.4242527542575713,
        0.21102347236967856,
        0.08791230282475872,
        0.066193476769953,
        0.0459833538700496,
        0.03802736920695151,
        0.0373599280513102,
        0.03604390913800847,
        0.03687167729461385,
        0.03723892525980069,
        0.034213265697021156,
        0.03206318891006372,
        0.030425856806217663,
        0.029396916859813275,
        0.0256646387203927,
        0.029023015511132056,
        0.026330337168708924,
        0.02503373236545632,
        0.02693572136453323,
        0.029139088601955482,
        0.025197102891040907,
        0.02595228768674837,
        0.025525202478973136,
        0.02352356763496514,
        0.024381349328905344,
        0.02243114867427897,
        0.024818854804541313
    ],
    "train_acc": [
        49.92439516129032,
        50.0,
        50.100806451612904,
        49.974798387096776,
        49.974798387096776,
        49.92439516129032,
        93.75,
        99.42036290322581,
        99.42036290322581,
        99.42036290322581,
        99.44556451612904,
        99.44556451612904,
        99.42036290322581,
        99.42036290322581,
        99.42036290322581,
        99.42036290322581,
        99.42036290322581,
        99.42036290322581,
        99.42036290322581,
        99.44556451612904,
        99.42036290322581,
        99.42036290322581,
        99.42036290322581,
        99.42036290322581,
        99.42036290322581,
        99.42036290322581,
        99.39516129032258,
        99.44556451612904,
        99.5211693548387,
        99.44556451612904,
        99.44556451612904,
        99.47076612903226
    ],
    "test_loss": [
        0.6976671735445659,
        0.6983784675598145,
        0.7517948985099793,
        0.856387464205424,
        0.8812186360359192,
        0.6176308910051982,
        0.8357897281646729,
        0.8719342748324076,
        0.8956376155217488,
        0.6383036454518636,
        0.7903048396110535,
        0.5223308265209198,
        0.5359762291113536,
        0.5941052079200745,
        0.6458969910939535,
        0.5048085649808248,
        0.5817314306894938,
        0.5225160479545593,
        0.6221978465716044,
        0.6132386247316997,
        0.6573161641756694,
        0.6292044719060262,
        0.4981884002685547,
        0.5369680504004161,
        0.59705375234286,
        0.5425283133983612,
        0.5425903558731079,
        0.7136712630589803,
        0.7433605511983236,
        0.682365616162618,
        0.6887941042582194,
        0.584737612803777
    ],
    "test_acc": [
        49.791666666666664,
        49.791666666666664,
        49.791666666666664,
        49.791666666666664,
        49.791666666666664,
        49.791666666666664,
        49.791666666666664,
        49.791666666666664,
        49.791666666666664,
        49.791666666666664,
        49.791666666666664,
        92.39583333333333,
        79.27083333333333,
        49.791666666666664,
        57.1875,
        96.14583333333333,
        98.64583333333333,
        93.54166666666667,
        50.625,
        51.354166666666664,
        49.791666666666664,
        85.41666666666667,
        98.54166666666667,
        90.83333333333333,
        57.291666666666664,
        88.64583333333333,
        86.5625,
        66.35416666666667,
        49.791666666666664,
        55.625,
        49.791666666666664,
        51.770833333333336
    ],
    "spikes": [
        16.398958333333333,
        58.43020833333333,
        92.61666666666666,
        99.28541666666666,
        127.80520833333334,
        188.76979166666666,
        308.6375,
        337.2708333333333,
        352.20104166666664,
        362.43125,
        372.7135416666667,
        375.2739583333333,
        374.54375,
        383.49791666666664,
        385.8625,
        381.771875,
        382.446875,
        387.215625,
        384.52708333333334,
        385.10520833333334,
        391.3489583333333,
        391.96770833333335,
        391.2270833333333,
        395.73229166666664,
        398.521875,
        397.87291666666664,
        399.06145833333335,
        399.440625,
        400.803125,
        399.94375,
        401.84375,
        400.3197916666667
    ]
}