{
    "train_loss": [
        0.6931545215268289,
        0.6931611405264947,
        0.6931631132479636,
        0.6857188872752651,
        0.5180024043206246,
        0.2974913293315518,
        0.1440540620035702,
        0.049592159508216764,
        0.03313861958562366,
        0.0364262773204715,
        0.02972592288748391,
        0.028717322830831813,
        0.028383161759965362,
        0.03038966320755501,
        0.025647884677915324,
        0.026037308132095684,
        0.02939039133038492,
        0.027316383566827543,
        0.02887192840928272,
        0.02595109432455032,
        0.027043692106681484
    ],
    "train_acc": [
        49.899193548387096,
        50.0,
        50.05040322580645,
        50.0,
        50.025201612903224,
        61.01310483870968,
        97.42943548387096,
        99.44556451612904,
        99.42036290322581,
        99.47076612903226,
        99.44556451612904,
        99.5211693548387,
        99.44556451612904,
        99.3195564516129,
        99.42036290322581,
        99.47076612903226,
        99.34475806451613,
        99.34475806451613,
        99.36995967741936,
        99.44556451612904,
        99.14314516129032
    ],
    "test_loss": [
        0.6931399385134379,
        0.6931399981180827,
        0.6920923829078675,
        0.6689632018407186,
        0.6353434165318806,
        0.6436379512151083,
        0.8314836343129476,
        0.6952553391456604,
        0.7207285364468893,
        0.601783835887909,
        0.6679644147555034,
        0.680485741297404,
        0.5644971410433451,
        0.5874464174111684,
        0.6184074560801188,
        0.7472038030624389,
        0.572177509466807,
        0.6425289789835612,
        0.6505971352259318,
        0.6272198398907979,
        0.6448857347170512
    ],
    "test_acc": [
        49.791666666666664,
        49.791666666666664,
        49.791666666666664,
        49.791666666666664,
        49.791666666666664,
        98.75,
        51.145833333333336,
        50.208333333333336,
        50.208333333333336,
        96.45833333333333,
        50.208333333333336,
        51.041666666666664,
        91.66666666666667,
        70.10416666666667,
        66.45833333333333,
        51.979166666666664,
        81.77083333333333,
        62.291666666666664,
        53.541666666666664,
        75.83333333333333,
        50.208333333333336
    ],
    "spikes": [
        4.997916666666667,
        25.60625,
        70.14375,
        166.37708333333333,
        226.9625,
        285.74583333333334,
        355.79583333333335,
        387.04791666666665,
        399.79375,
        400.590625,
        406.8833333333333,
        402.79375,
        402.703125,
        402.90208333333334,
        404.1635416666667,
        408.50625,
        405.0364583333333,
        407.896875,
        408.4375,
        404.8385416666667,
        407.3041666666667
    ]
}