{
    "train_loss": [
        0.5722189574472366,
        0.45111455744312656,
        0.32738781984775295,
        0.21124679426993093,
        0.13370096611399804,
        0.08818761421547781,
        0.06375910594098029,
        0.04962455463265219,
        0.039472495295828386,
        0.03600587647768759,
        0.03285110801939042,
        0.02941168263374317,
        0.027990544395100687,
        0.027320278320281256,
        0.027194193556844708,
        0.026959250621016947,
        0.026383701133571805,
        0.025368340253349272,
        0.0244693674687897,
        0.026162287287954843
    ],
    "train_acc": [
        94.32963709677419,
        99.42036290322581,
        99.42036290322581,
        99.42036290322581,
        99.42036290322581,
        99.39516129032258,
        99.39516129032258,
        99.39516129032258,
        99.44556451612904,
        99.39516129032258,
        99.39516129032258,
        99.42036290322581,
        99.39516129032258,
        99.39516129032258,
        99.39516129032258,
        99.39516129032258,
        99.39516129032258,
        99.39516129032258,
        99.39516129032258,
        99.39516129032258
    ],
    "test_loss": [
        0.6256932894388835,
        0.5518906911214193,
        0.48101768096288045,
        0.4083692729473114,
        0.33311144113540647,
        0.3106397231419881,
        0.27270747820536295,
        0.23054924110571542,
        0.21215239862600963,
        0.19806094268957775,
        0.17290579676628112,
        0.20149685541788737,
        0.13492261618375778,
        0.13583219349384307,
        0.1387077808380127,
        0.1920736422141393,
        0.16183478285868963,
        0.09775318255027135,
        0.11609376221895218,
        0.08992102394501368
    ],
    "test_acc": [
        54.6875,
        98.4375,
        97.29166666666667,
        98.4375,
        99.27083333333333,
        98.54166666666667,
        99.0625,
        99.27083333333333,
        99.27083333333333,
        99.27083333333333,
        99.16666666666667,
        99.0625,
        99.16666666666667,
        99.16666666666667,
        99.16666666666667,
        98.54166666666667,
        99.27083333333333,
        99.16666666666667,
        99.16666666666667,
        99.16666666666667
    ]
}