{
    "train_loss": [
        0.717866531302852,
        0.7140840772659548,
        0.711114421006172,
        0.6981668981813616,
        0.6398340434797348,
        0.5432281051912615,
        0.44235980222302096,
        0.2826925804538111,
        0.11272543326260583,
        0.05097092342593016,
        0.03434457856741163,
        0.034127722336580193,
        0.03369142103850121,
        0.03437377472648457,
        0.030840879366282496,
        0.033362752179645246,
        0.03264546014308449,
        0.032644277829076015,
        0.03372134970531108,
        0.032191405418298895,
        0.03161021274694752,
        0.03173835917315897
    ],
    "train_acc": [
        50.025201612903224,
        50.05040322580645,
        49.974798387096776,
        50.05040322580645,
        50.07560483870968,
        50.025201612903224,
        60.03024193548387,
        95.74092741935483,
        99.47076612903226,
        99.49596774193549,
        99.54637096774194,
        99.49596774193549,
        99.49596774193549,
        99.49596774193549,
        99.54637096774194,
        99.49596774193549,
        99.49596774193549,
        99.49596774193549,
        99.49596774193549,
        99.49596774193549,
        99.49596774193549,
        99.49596774193549
    ],
    "test_loss": [
        0.7168500423431396,
        0.7132644971211751,
        0.7120516657829284,
        0.7185554305712382,
        0.876816193262736,
        0.9351909001668294,
        0.9442321181297302,
        0.9184608379999797,
        0.6254526376724243,
        0.796630573272705,
        0.8770977656046549,
        0.9754777034123738,
        1.015271822611491,
        1.1566862026850382,
        1.0552525440851848,
        1.0759381731351216,
        1.0724865158398946,
        1.0686489701271058,
        1.1196369647979736,
        1.1340256015459695,
        1.200228178501129,
        1.2104626337687174
    ],
    "test_acc": [
        49.791666666666664,
        49.791666666666664,
        49.791666666666664,
        49.791666666666664,
        49.791666666666664,
        49.791666666666664,
        50.208333333333336,
        49.791666666666664,
        49.791666666666664,
        49.791666666666664,
        49.791666666666664,
        49.791666666666664,
        49.791666666666664,
        49.791666666666664,
        49.791666666666664,
        49.791666666666664,
        49.791666666666664,
        49.791666666666664,
        49.791666666666664,
        49.791666666666664,
        49.791666666666664,
        49.791666666666664
    ],
    "spikes": [
        4.290625,
        24.129166666666666,
        43.954166666666666,
        83.4875,
        98.96458333333334,
        94.09479166666667,
        117.565625,
        155.60104166666667,
        195.26875,
        219.234375,
        227.81145833333332,
        230.72708333333333,
        228.49583333333334,
        232.859375,
        232.790625,
        232.178125,
        230.046875,
        230.359375,
        229.25729166666667,
        230.596875,
        229.36041666666668,
        229.07916666666668
    ]
}