repetition,mode,delta,best_test_accuracy,final_train_loss,final_test_loss,final_avg_spikes,layer4_linearity_spike_count,internal_metrics
10,expansive_delta_-1.5,-1.5,98.54166666666667,0.08316290877278774,0.5823330998420715,485.6875,0.9756944444444444,"{'layer1_rate_mean': 0.5050911585489909, 'layer1_sparsity_mean': 0.4949088414510091, 'layer2_rate_mean': 0.2972688853740692, 'layer2_sparsity_mean': 0.7027311205863953, 'layer3_rate_mean': 0.15680664380391438, 'layer3_sparsity_mean': 0.8431933561960856, 'layer4_rate_mean': 0.053229167809089026, 'layer4_sparsity_mean': 0.9467708428700765}"
10,tough_delta_2.0,2.0,50.208333333333336,0.032296314948208386,1.3123922983805338,228.40833333333333,0.5034722222222222,"{'layer1_rate_mean': 0.13616211314996082, 'layer1_sparsity_mean': 0.8638378977775574, 'layer2_rate_mean': 0.09062500298023224, 'layer2_sparsity_mean': 0.909375011920929, 'layer3_rate_mean': 0.0625, 'layer3_sparsity_mean': 0.9375, 'layer4_rate_mean': 0.10000000149011612, 'layer4_sparsity_mean': 0.8999999761581421}"
10,dissipative_delta_10.0,10.0,98.22916666666667,0.029083106689335357,1.1017330288887024,315.3520833333333,0.9756944444444444,"{'layer1_rate_mean': 0.26640625596046447, 'layer1_sparsity_mean': 0.733593742052714, 'layer2_rate_mean': 0.3318294326464335, 'layer2_sparsity_mean': 0.6681705633799235, 'layer3_rate_mean': 0.37276367942492167, 'layer3_sparsity_mean': 0.6272363146146138, 'layer4_rate_mean': 0.05135416785875956, 'layer4_sparsity_mean': 0.9486458420753479}"
