{
    "train_loss": [
        0.6516219367904048,
        0.5017120477653318,
        0.3452652101555178,
        0.21098887800208985,
        0.13131148308034865,
        0.08636972860943887,
        0.06237431050788972,
        0.049700551606234045,
        0.04296153125863883,
        0.038220265189245824,
        0.036383577832771886,
        0.034316265655140725,
        0.031649997022243276,
        0.03233278461641843,
        0.03184801439995006,
        0.0326345705862848,
        0.030502566887486364,
        0.030335265947806257,
        0.030178746801891154,
        0.030516078560462883,
        0.02959384472529975,
        0.029896913561969995,
        0.030233584659835024,
        0.030057781567466597,
        0.030385941034182906,
        0.027881545758235357,
        0.02954027854326752,
        0.02997073861244585,
        0.03005264093723869,
        0.03034035488963127,
        0.02980414477943052,
        0.029578076874566896,
        0.030533225136628796,
        0.030029317953683916,
        0.02981904509191912,
        0.03018287600829236,
        0.029538942895258866,
        0.030023041076116985,
        0.02952054879372759,
        0.0298470860993069
    ],
    "train_acc": [
        82.15725806451613,
        99.36995967741936,
        99.36995967741936,
        99.39516129032258,
        99.36995967741936,
        99.36995967741936,
        99.42036290322581,
        99.39516129032258,
        99.36995967741936,
        99.39516129032258,
        99.36995967741936,
        99.36995967741936,
        99.39516129032258,
        99.36995967741936,
        99.36995967741936,
        99.36995967741936,
        99.36995967741936,
        99.36995967741936,
        99.36995967741936,
        99.36995967741936,
        99.39516129032258,
        99.36995967741936,
        99.36995967741936,
        99.36995967741936,
        99.36995967741936,
        99.42036290322581,
        99.36995967741936,
        99.36995967741936,
        99.36995967741936,
        99.36995967741936,
        99.39516129032258,
        99.36995967741936,
        99.36995967741936,
        99.36995967741936,
        99.36995967741936,
        99.36995967741936,
        99.36995967741936,
        99.36995967741936,
        99.36995967741936,
        99.36995967741936
    ],
    "test_loss": [
        0.6531665245691936,
        0.6220263044039408,
        0.6049580574035645,
        0.5526483317216238,
        0.6128629207611084,
        0.6052343626817067,
        0.6772873918215434,
        0.6566715558369954,
        0.6908447623252869,
        0.7732685327529907,
        0.5825097918510437,
        0.6322895427544911,
        0.4508014480272929,
        0.5310776034990946,
        0.5405167281627655,
        0.7156505187352499,
        0.6133155127366384,
        0.6304313043753306,
        0.45283145308494566,
        0.7811932285626729,
        0.47079960703849794,
        0.7085654179255167,
        0.4922172844409943,
        0.46520772178967795,
        0.37165238658587135,
        0.3941080212593079,
        0.5353045721848806,
        0.4916774312655131,
        0.39054528474807737,
        0.8062188625335693,
        0.5573053638140361,
        0.46951462229092916,
        0.4136279841264089,
        0.5651394029458364,
        0.48953890403111777,
        0.5003364125887553,
        0.37495289246241253,
        0.3742092351118724,
        0.496895690759023,
        0.7370990792910258
    ],
    "test_acc": [
        50.208333333333336,
        50.208333333333336,
        50.208333333333336,
        50.208333333333336,
        50.208333333333336,
        50.208333333333336,
        50.208333333333336,
        50.208333333333336,
        50.208333333333336,
        50.208333333333336,
        50.208333333333336,
        50.208333333333336,
        60.0,
        50.208333333333336,
        50.208333333333336,
        50.208333333333336,
        50.208333333333336,
        50.208333333333336,
        60.520833333333336,
        50.208333333333336,
        57.708333333333336,
        50.208333333333336,
        55.3125,
        59.375,
        82.29166666666667,
        74.47916666666667,
        51.145833333333336,
        55.625,
        75.9375,
        50.208333333333336,
        50.3125,
        59.166666666666664,
        69.58333333333333,
        50.208333333333336,
        56.25,
        55.3125,
        81.45833333333333,
        81.45833333333333,
        55.625,
        50.208333333333336
    ]
}