{
    "train_loss": [
        0.7065584005848053,
        0.703321231949714,
        0.6974085559768062,
        0.6354015834869877,
        0.49031579061861963,
        0.39097234895152433,
        0.2912324342516161,
        0.1485809779335414,
        0.06108227594485206,
        0.05116987057150372,
        0.04600269291850348,
        0.0459804606413649,
        0.04485690311318444,
        0.04325384766824784,
        0.043537019797029994,
        0.04226820611004387
    ],
    "train_acc": [
        50.05040322580645,
        49.79838709677419,
        50.025201612903224,
        49.94959677419355,
        49.899193548387096,
        50.0,
        49.823588709677416,
        92.43951612903226,
        99.3195564516129,
        99.3195564516129,
        99.3195564516129,
        99.3195564516129,
        99.3195564516129,
        99.3195564516129,
        99.3195564516129,
        99.3195564516129
    ],
    "test_loss": [
        0.7043542941411336,
        0.7022813757260641,
        0.7021358251571655,
        0.8189577460289001,
        1.2118081013361612,
        1.273482370376587,
        1.3293803294499715,
        1.0858544031778972,
        1.265099255243937,
        1.3833771705627442,
        1.252246896425883,
        1.438225475947062,
        1.30771164894104,
        1.2360743920008341,
        1.1964521129926047,
        1.1508213798205058
    ],
    "test_acc": [
        49.791666666666664,
        49.791666666666664,
        49.791666666666664,
        49.791666666666664,
        49.791666666666664,
        49.791666666666664,
        49.791666666666664,
        49.791666666666664,
        49.791666666666664,
        49.791666666666664,
        49.791666666666664,
        49.791666666666664,
        49.791666666666664,
        49.791666666666664,
        49.791666666666664,
        49.791666666666664
    ],
    "spikes": [
        4.182291666666667,
        27.909375,
        65.528125,
        86.27395833333334,
        93.99166666666666,
        112.346875,
        144.259375,
        207.759375,
        241.25625,
        248.95729166666666,
        251.334375,
        247.93125,
        251.42083333333332,
        250.621875,
        248.96354166666666,
        250.54270833333334
    ]
}