{
    "train_loss": [
        0.6933124844105013,
        0.6932689768652762,
        0.6932317922192235,
        0.693209320306778,
        0.6931601618566821,
        0.6176381985987386,
        0.30650968128635037,
        0.1067283827691309,
        0.055962823030929414,
        0.04171666982133062,
        0.03945463999444919,
        0.0406578374996541,
        0.03592004409180053,
        0.03419470910223261,
        0.03322111740107498,
        0.03260606029371341
    ],
    "train_acc": [
        50.0,
        50.025201612903224,
        49.974798387096776,
        49.974798387096776,
        49.92439516129032,
        50.15120967741935,
        50.90725806451613,
        98.38709677419355,
        99.19354838709677,
        99.21875,
        99.21875,
        99.21875,
        99.14314516129032,
        99.16834677419355,
        99.24395161290323,
        99.1179435483871
    ],
    "test_loss": [
        0.6932223916053772,
        0.6931899587313334,
        0.6931680997212728,
        0.6931514541308085,
        0.6780923008918762,
        0.6954283754030863,
        0.7140000303586324,
        0.832901124159495,
        0.803547207514445,
        0.7595428069432576,
        0.6863701462745666,
        0.8581265012423197,
        0.7769530137379964,
        0.7772490819295247,
        0.8047926346460978,
        0.6455165346463522
    ],
    "test_acc": [
        49.791666666666664,
        49.791666666666664,
        49.791666666666664,
        49.791666666666664,
        49.791666666666664,
        49.791666666666664,
        49.791666666666664,
        49.791666666666664,
        49.791666666666664,
        49.791666666666664,
        49.791666666666664,
        49.791666666666664,
        49.791666666666664,
        49.791666666666664,
        49.791666666666664,
        49.791666666666664
    ],
    "spikes": [
        1.0,
        4.277083333333334,
        13.469791666666667,
        43.35520833333333,
        69.5875,
        122.225,
        185.46354166666666,
        255.903125,
        276.04583333333335,
        290.975,
        307.5072916666667,
        313.4166666666667,
        299.65520833333335,
        297.92291666666665,
        293.29375,
        293.86354166666666
    ]
}