{
    "train_loss": [
        0.6804894901091053,
        0.590042511301656,
        0.421749756701531,
        0.2947469750239003,
        0.21878200481014867,
        0.19197701686812985,
        0.17976063898494166,
        0.1753585458763184,
        0.17243410070096293,
        0.1663480836056894,
        0.1687759124944287,
        0.16788305846914167,
        0.16695709718811896,
        0.1653433523831829,
        0.17228096122703246,
        0.16939476204495277,
        0.15856364417460658,
        0.14073322521102044,
        0.1240939789962384,
        0.1011224867355439,
        0.08029927012901153,
        0.04743578191846609,
        0.03932460631814695,
        0.037555345739688606,
        0.03203604597177717,
        0.030688327819769903,
        0.02917137829917333,
        0.02911401130709677,
        0.026655364105658184,
        0.038239324660671335,
        0.028451406674820087,
        0.027123649537022555,
        0.02602574838355424,
        0.028659722797812953,
        0.02470303327971769,
        0.029688506901654744,
        0.026277238585715814,
        0.023979995628788827
    ],
    "train_acc": [
        49.899193548387096,
        49.974798387096776,
        72.58064516129032,
        99.3195564516129,
        99.29435483870968,
        99.29435483870968,
        99.29435483870968,
        99.29435483870968,
        99.21875,
        99.34475806451613,
        99.29435483870968,
        99.09274193548387,
        99.04233870967742,
        99.26915322580645,
        99.26915322580645,
        99.29435483870968,
        99.34475806451613,
        99.29435483870968,
        99.21875,
        99.26915322580645,
        99.24395161290323,
        99.3195564516129,
        99.36995967741936,
        99.36995967741936,
        99.34475806451613,
        99.29435483870968,
        99.29435483870968,
        99.29435483870968,
        99.29435483870968,
        99.3195564516129,
        99.29435483870968,
        99.3195564516129,
        99.29435483870968,
        99.3195564516129,
        99.29435483870968,
        99.29435483870968,
        99.3195564516129,
        99.29435483870968
    ],
    "test_loss": [
        0.6887865583101909,
        0.6776244759559631,
        0.743581489721934,
        0.9156838456789652,
        0.9289786577224731,
        1.5335404713948568,
        0.8407912413279216,
        0.49765212337176007,
        0.3659940302371979,
        0.5519101460774739,
        0.5457944830258687,
        0.4842171370983124,
        0.3866189241409302,
        0.3985516309738159,
        0.871715768178304,
        0.4875179767608643,
        0.5703749040762583,
        0.4169420500596364,
        0.7635049899419148,
        0.3904785414536794,
        0.4053880532582601,
        0.42833772699038186,
        0.4150120198726654,
        0.5349812666575114,
        0.6207322239875793,
        0.8216683864593506,
        0.6563577969868978,
        0.6967054168383281,
        0.6127115408579509,
        0.6045242706934612,
        0.6631231188774109,
        0.9064102570215861,
        0.8540550589561462,
        0.8087683518727621,
        0.9442748387654623,
        0.7468019406000773,
        0.9045787930488587,
        0.8132999658584594
    ],
    "test_acc": [
        49.791666666666664,
        49.791666666666664,
        95.625,
        50.208333333333336,
        50.208333333333336,
        50.208333333333336,
        50.520833333333336,
        90.9375,
        97.70833333333333,
        76.04166666666667,
        77.29166666666667,
        88.22916666666667,
        94.0625,
        95.10416666666667,
        50.208333333333336,
        97.29166666666667,
        76.14583333333333,
        97.5,
        58.4375,
        98.125,
        96.875,
        98.125,
        98.22916666666667,
        78.33333333333333,
        71.5625,
        52.916666666666664,
        62.291666666666664,
        60.833333333333336,
        75.41666666666667,
        75.20833333333333,
        82.1875,
        52.5,
        53.020833333333336,
        50.520833333333336,
        50.208333333333336,
        63.4375,
        51.145833333333336,
        54.583333333333336
    ],
    "spikes": [
        159.78125,
        209.21875,
        266.37395833333335,
        315.203125,
        351.3,
        376.6875,
        396.34375,
        407.0375,
        409.73020833333334,
        406.46875,
        411.296875,
        415.87395833333335,
        418.47291666666666,
        422.61354166666666,
        426.09166666666664,
        436.3854166666667,
        438.634375,
        454.92083333333335,
        461.878125,
        483.51354166666664,
        481.2291666666667,
        487.89270833333336,
        491.0260416666667,
        493.296875,
        498.346875,
        497.8677083333333,
        500.75416666666666,
        504.87395833333335,
        506.07395833333334,
        507.82604166666664,
        509.0677083333333,
        506.57395833333334,
        509.00104166666665,
        508.17395833333336,
        505.93958333333336,
        511.67291666666665,
        510.8875,
        512.2947916666667
    ]
}