{
    "train_loss": [
        0.5919380389874981,
        0.4205630690820755,
        0.2826971132909098,
        0.17581976277212943,
        0.10983268688282659,
        0.07384922721933934,
        0.054431637809161215,
        0.0438921608391308,
        0.03786180868384338,
        0.034194198076523116,
        0.03057439924187718,
        0.028495168313384056,
        0.027338247340653214,
        0.028312683353320725,
        0.026947130914777517,
        0.02498186351881633,
        0.025194105879974463,
        0.0263406457454567,
        0.025516732302944985,
        0.0254190992113323,
        0.026120421611854145,
        0.025027488328276143,
        0.025106031436383004,
        0.02423829765569779
    ],
    "train_acc": [
        86.18951612903226,
        99.47076612903226,
        99.47076612903226,
        99.49596774193549,
        99.47076612903226,
        99.47076612903226,
        99.47076612903226,
        99.47076612903226,
        99.47076612903226,
        99.47076612903226,
        99.47076612903226,
        99.49596774193549,
        99.49596774193549,
        99.47076612903226,
        99.47076612903226,
        99.5211693548387,
        99.49596774193549,
        99.47076612903226,
        99.49596774193549,
        99.47076612903226,
        99.49596774193549,
        99.47076612903226,
        99.47076612903226,
        99.49596774193549
    ],
    "test_loss": [
        0.6205862045288086,
        0.5586020191510518,
        0.5132846593856811,
        0.4683297653992971,
        0.47504000663757323,
        0.4798900624116262,
        0.4570240537325541,
        0.5827343304951985,
        0.2963853359222412,
        0.46082470615704857,
        0.3827315409978231,
        0.47026692231496176,
        0.4647894144058228,
        0.40459824204444883,
        0.4354889512062073,
        0.48724687298138936,
        0.515641991297404,
        0.36998165051142373,
        0.5673681656519572,
        0.4322410702705383,
        0.3030143777529399,
        0.39116113583246864,
        0.4631664971510569,
        0.4891159315903982
    ],
    "test_acc": [
        83.95833333333333,
        66.14583333333333,
        51.979166666666664,
        59.166666666666664,
        50.416666666666664,
        50.208333333333336,
        52.083333333333336,
        50.208333333333336,
        95.83333333333333,
        52.8125,
        77.08333333333333,
        52.291666666666664,
        54.0625,
        70.72916666666667,
        62.5,
        51.875,
        50.416666666666664,
        80.3125,
        50.208333333333336,
        65.10416666666667,
        91.04166666666667,
        75.3125,
        58.4375,
        53.541666666666664
    ]
}