{
    "train_loss": [
        0.701263484454924,
        0.6995067336866932,
        0.6962820945247528,
        0.656462162733078,
        0.5953899237417406,
        0.4605108014037532,
        0.379981933101531,
        0.18254165747954,
        0.0685333773914364,
        0.05136063274356627,
        0.042207942088885654,
        0.03693840242621879,
        0.0376745484799387,
        0.03515417304550929,
        0.031112950392848542,
        0.030559265231263014,
        0.026470731542025124,
        0.02557421356229292,
        0.02427601002367033,
        0.028707377304653486,
        0.02300176373307383,
        0.027111214840964924,
        0.023111338622026866,
        0.023878449566602226
    ],
    "train_acc": [
        50.025201612903224,
        50.07560483870968,
        50.025201612903224,
        50.176411290322584,
        50.0,
        50.453629032258064,
        80.89717741935483,
        97.53024193548387,
        99.1179435483871,
        99.16834677419355,
        99.16834677419355,
        99.19354838709677,
        99.21875,
        99.16834677419355,
        99.3195564516129,
        99.39516129032258,
        99.26915322580645,
        99.19354838709677,
        99.19354838709677,
        98.84072580645162,
        99.3195564516129,
        99.09274193548387,
        99.19354838709677,
        99.21875
    ],
    "test_loss": [
        0.7008748173713684,
        0.6993209401766459,
        0.6995469212532044,
        0.718271791934967,
        0.7862987438837687,
        0.9517697016398112,
        0.8860656499862671,
        1.1723580916722616,
        0.8889937400817871,
        0.5998672942320505,
        0.5777573108673095,
        0.4659400204817454,
        0.5021182517210643,
        0.5504589478174845,
        0.6193106770515442,
        0.6458203077316285,
        0.8302239656448365,
        0.4660339852174123,
        0.6910383264223735,
        0.7621523181597392,
        0.6006016770998637,
        1.1793387174606322,
        0.8863345742225647,
        0.8976393620173136
    ],
    "test_acc": [
        49.791666666666664,
        49.791666666666664,
        49.791666666666664,
        49.791666666666664,
        49.791666666666664,
        49.791666666666664,
        95.20833333333333,
        37.5,
        98.125,
        51.666666666666664,
        49.791666666666664,
        49.791666666666664,
        49.791666666666664,
        49.791666666666664,
        49.791666666666664,
        49.791666666666664,
        49.791666666666664,
        49.791666666666664,
        49.791666666666664,
        49.791666666666664,
        49.791666666666664,
        49.791666666666664,
        49.791666666666664,
        49.791666666666664
    ],
    "spikes": [
        0.7583333333333333,
        16.454166666666666,
        47.259375,
        70.66041666666666,
        76.02291666666666,
        83.0,
        103.71145833333334,
        199.59375,
        225.72291666666666,
        235.709375,
        246.14895833333333,
        259.4458333333333,
        262.3979166666667,
        263.9916666666667,
        261.0520833333333,
        259.03125,
        261.67291666666665,
        259.3677083333333,
        265.1375,
        263.92083333333335,
        264.16979166666664,
        264.57916666666665,
        266.42083333333335,
        271.7729166666667
    ]
}