{
    "train_loss": [
        0.6933645308017731,
        0.6932993598522679,
        0.6932746104655727,
        0.6932058142077538,
        0.6932308721926904,
        0.6533253538993097,
        0.30744727941290023,
        0.10090867327826639,
        0.04966893957387055,
        0.03285511586094095,
        0.02885635882886427,
        0.03187266379714974,
        0.030293687832571806,
        0.02428681329793988,
        0.02341311907155379,
        0.02396274569834913,
        0.02434163268715624,
        0.02341550373051676,
        0.023692528469367855,
        0.02451193393508513,
        0.024490709705728916,
        0.022150219485704458,
        0.02688376483086857,
        0.0232335974785289,
        0.025651514361191903,
        0.02502837600261574,
        0.02225905679346573,
        0.025162967214841517,
        0.023632378738013007,
        0.025067355183343732,
        0.02276817426430963,
        0.02204705966306069,
        0.024973624457244673,
        0.02172210446423701,
        0.0234425189198866,
        0.02185895568090341,
        0.021893783164541086,
        0.02243884903709254
    ],
    "train_acc": [
        50.05040322580645,
        50.0,
        50.100806451612904,
        49.87399193548387,
        50.100806451612904,
        50.05040322580645,
        71.47177419354838,
        97.9586693548387,
        99.47076612903226,
        99.49596774193549,
        99.36995967741936,
        99.42036290322581,
        99.42036290322581,
        99.49596774193549,
        99.5211693548387,
        99.47076612903226,
        99.44556451612904,
        99.47076612903226,
        99.44556451612904,
        99.49596774193549,
        99.42036290322581,
        99.49596774193549,
        99.44556451612904,
        99.49596774193549,
        99.14314516129032,
        99.21875,
        99.29435483870968,
        99.1179435483871,
        99.16834677419355,
        99.19354838709677,
        99.16834677419355,
        99.29435483870968,
        99.24395161290323,
        99.24395161290323,
        99.16834677419355,
        99.29435483870968,
        99.36995967741936,
        99.39516129032258
    ],
    "test_loss": [
        0.6932240883509319,
        0.6931962211926778,
        0.6931732018788656,
        0.6931674281756083,
        0.699544894695282,
        0.8059425354003906,
        0.8689661224683126,
        0.9666950106620789,
        0.8483259995778402,
        1.0195844173431396,
        1.1760151704152426,
        1.266733423868815,
        1.189380939801534,
        1.0875554879506428,
        1.1660510460535685,
        1.1673006137212119,
        1.1504069328308106,
        1.2268795251846314,
        1.1994364817937215,
        1.1934157927831015,
        1.198936653137207,
        0.963631828625997,
        1.0500314871470133,
        1.0294320503870646,
        1.0188840985298158,
        1.065993865331014,
        1.1206416209538779,
        1.0042445659637451,
        1.1200655221939086,
        1.1442764759063722,
        1.137633991241455,
        1.1363303979237875,
        0.972579030195872,
        0.9335372010866801,
        1.1597166299819945,
        0.9834078788757324,
        1.1165462493896485,
        1.1690167228380839
    ],
    "test_acc": [
        49.791666666666664,
        49.791666666666664,
        49.791666666666664,
        49.791666666666664,
        49.791666666666664,
        49.791666666666664,
        49.791666666666664,
        51.979166666666664,
        50.208333333333336,
        50.520833333333336,
        54.583333333333336,
        52.291666666666664,
        50.416666666666664,
        50.208333333333336,
        50.3125,
        10.0,
        50.833333333333336,
        93.64583333333333,
        49.791666666666664,
        50.3125,
        56.5625,
        94.89583333333333,
        95.83333333333333,
        64.58333333333333,
        50.208333333333336,
        50.416666666666664,
        50.208333333333336,
        50.208333333333336,
        50.208333333333336,
        50.208333333333336,
        50.208333333333336,
        50.208333333333336,
        50.208333333333336,
        50.208333333333336,
        40.625,
        50.208333333333336,
        50.208333333333336,
        50.208333333333336
    ],
    "spikes": [
        2.0,
        3.2802083333333334,
        15.004166666666666,
        35.015625,
        67.34791666666666,
        140.88958333333332,
        239.36666666666667,
        292.34270833333335,
        309.453125,
        329.28229166666665,
        333.1322916666667,
        332.18854166666665,
        333.00625,
        333.54375,
        338.3333333333333,
        339.29479166666664,
        339.84270833333335,
        338.17291666666665,
        337.18958333333336,
        336.03020833333335,
        334.9302083333333,
        331.10729166666664,
        333.2083333333333,
        329.25416666666666,
        326.396875,
        326.64375,
        326.86354166666666,
        327.73229166666664,
        327.8208333333333,
        327.9145833333333,
        328.98125,
        328.996875,
        317.69375,
        317.4145833333333,
        322.478125,
        324.67604166666666,
        318.3385416666667,
        316.9625
    ]
}