{
    "train_loss": [
        0.7153150045102642,
        0.7122700983478177,
        0.7070845423206207,
        0.6598925696265313,
        0.5497218341596665,
        0.4561548401271143,
        0.3760179401405396,
        0.26649115474954727,
        0.10112264854533057,
        0.04882167919629043,
        0.03943657751886114,
        0.03992153834852,
        0.03219453291967511,
        0.037207752015561826,
        0.03476383112701437,
        0.03252562216948718,
        0.031381998890860664,
        0.0283232303937116,
        0.027670698446942674,
        0.03540105788382671,
        0.032296314948208386
    ],
    "train_acc": [
        49.974798387096776,
        49.87399193548387,
        50.07560483870968,
        50.025201612903224,
        50.025201612903224,
        51.86491935483871,
        81.47681451612904,
        97.70665322580645,
        98.99193548387096,
        99.21875,
        98.96673387096774,
        98.96673387096774,
        98.9163306451613,
        99.04233870967742,
        98.71471774193549,
        98.86592741935483,
        98.94153225806451,
        98.56350806451613,
        98.79032258064517,
        99.01713709677419,
        98.84072580645162
    ],
    "test_loss": [
        0.7141157031059265,
        0.7108068664868673,
        0.6942984898885091,
        0.734712020556132,
        0.9322677373886108,
        0.9255679527918498,
        1.277143955230713,
        1.6321747859319051,
        1.856108021736145,
        1.6462848742802938,
        1.7691486914952597,
        1.512410871187846,
        1.2072113235791524,
        1.28420889377594,
        1.244414472579956,
        1.4841855446497598,
        1.4379142681757608,
        1.48673570950826,
        1.6466514110565185,
        1.4496071577072143,
        1.3123922983805338
    ],
    "test_acc": [
        49.791666666666664,
        49.791666666666664,
        49.791666666666664,
        49.791666666666664,
        49.791666666666664,
        50.208333333333336,
        50.208333333333336,
        50.208333333333336,
        50.208333333333336,
        50.208333333333336,
        50.208333333333336,
        50.208333333333336,
        50.208333333333336,
        50.208333333333336,
        50.208333333333336,
        50.208333333333336,
        50.208333333333336,
        50.208333333333336,
        50.208333333333336,
        50.208333333333336,
        50.208333333333336
    ],
    "spikes": [
        3.25,
        24.788541666666667,
        52.31979166666667,
        70.75520833333333,
        84.57916666666667,
        93.571875,
        112.3125,
        150.41770833333334,
        200.37291666666667,
        211.66666666666666,
        217.20520833333333,
        218.81041666666667,
        220.07291666666666,
        222.56041666666667,
        224.86979166666666,
        226.60104166666667,
        227.13645833333334,
        229.29895833333333,
        232.025,
        228.79479166666667,
        228.40833333333333
    ]
}