repetition,mode,delta,best_test_accuracy,final_train_loss,final_test_loss,final_avg_spikes,layer4_linearity_spike_count,internal_metrics
14,expansive_delta_-1.5,-1.5,98.4375,0.16127432786649273,0.5781717816988627,455.20520833333336,0.9895833333333334,"{'layer1_rate_mean': 0.47767578562100727, 'layer1_sparsity_mean': 0.5223242044448853, 'layer2_rate_mean': 0.3847591161727905, 'layer2_sparsity_mean': 0.6152408798535665, 'layer3_rate_mean': 0.2947949290275574, 'layer3_sparsity_mean': 0.7052050630251566, 'layer4_rate_mean': 0.3364583392937978, 'layer4_sparsity_mean': 0.6635416547457377}"
14,tough_delta_2.0,2.0,98.4375,0.0203325082472856,1.4560369412104288,344.86354166666666,0.9895833333333334,"{'layer1_rate_mean': 0.26927083532015483, 'layer1_sparsity_mean': 0.7307291587193807, 'layer2_rate_mean': 0.41706706484158834, 'layer2_sparsity_mean': 0.5829329411188762, 'layer3_rate_mean': 0.4203157583872477, 'layer3_sparsity_mean': 0.5796842376391093, 'layer4_rate_mean': 0.14937500258286793, 'layer4_sparsity_mean': 0.8506250023841858}"
14,dissipative_delta_10.0,10.0,98.64583333333333,0.024818854804541313,0.584737612803777,400.3197916666667,0.9861111111111112,"{'layer1_rate_mean': 0.4279134174187978, 'layer1_sparsity_mean': 0.5720865726470947, 'layer2_rate_mean': 0.3767773489157359, 'layer2_sparsity_mean': 0.6232226451237997, 'layer3_rate_mean': 0.38709635933240255, 'layer3_sparsity_mean': 0.6129036347071329, 'layer4_rate_mean': 0.1075000007947286, 'layer4_sparsity_mean': 0.8925000031789144}"
