{
    "train_loss": [
        0.6571148624343257,
        0.5224106316604922,
        0.3659630595676361,
        0.2490612739516843,
        0.20174713528925373,
        0.1821095022943712,
        0.17394038433990172,
        0.1694556873652243,
        0.1676354100627284,
        0.1668879098949894,
        0.16621950076472375,
        0.16331336238691885,
        0.16363550818735553,
        0.1628567816749696,
        0.16416815259764272,
        0.1629522796119413,
        0.16066317356401874,
        0.16128573134060828,
        0.1599966588039552,
        0.16023833569019072,
        0.12538012838171375,
        0.1086143163904067,
        0.0971801009389662,
        0.09203597987371107,
        0.05909614832771401,
        0.0376907258985504,
        0.029659471144118616,
        0.03151142154069197,
        0.027276765525100694,
        0.021859429386113922,
        0.024398078368375858,
        0.026464246716650743,
        0.02704228206177152
    ],
    "train_acc": [
        49.92439516129032,
        56.45161290322581,
        99.42036290322581,
        99.57157258064517,
        99.57157258064517,
        99.59677419354838,
        99.57157258064517,
        99.59677419354838,
        99.57157258064517,
        99.57157258064517,
        99.57157258064517,
        99.57157258064517,
        99.57157258064517,
        99.57157258064517,
        99.54637096774194,
        99.57157258064517,
        99.59677419354838,
        99.57157258064517,
        99.57157258064517,
        99.57157258064517,
        99.57157258064517,
        99.59677419354838,
        99.57157258064517,
        99.5211693548387,
        99.24395161290323,
        99.47076612903226,
        99.54637096774194,
        99.57157258064517,
        99.59677419354838,
        99.57157258064517,
        99.57157258064517,
        99.59677419354838,
        99.57157258064517
    ],
    "test_loss": [
        0.6712298313776652,
        0.6409952203432719,
        0.6487539569536845,
        0.6078919013341267,
        0.37491153279940287,
        0.30163525342941283,
        0.47877687215805054,
        0.6163707613945008,
        0.32101181944211327,
        0.4035543441772461,
        0.30674494107564293,
        0.9067713697751363,
        0.3745688617229462,
        1.111978284517924,
        0.3497926334540049,
        0.5172401428222656,
        0.36840552687644956,
        0.22015828092892964,
        0.46162415941556295,
        0.38960718909899394,
        0.3688237388928731,
        0.6746648708979289,
        0.42193186084429424,
        0.35491307377815245,
        0.41681843201319374,
        0.4322003404299418,
        0.4714314897855123,
        0.3770992318789164,
        0.5837284008661906,
        0.5968612472216288,
        0.5868689020474752,
        0.6422704617182414,
        0.6454921126365661
    ],
    "test_acc": [
        49.791666666666664,
        50.625,
        98.64583333333333,
        98.64583333333333,
        98.64583333333333,
        98.125,
        98.64583333333333,
        98.64583333333333,
        98.64583333333333,
        98.64583333333333,
        98.64583333333333,
        54.583333333333336,
        98.64583333333333,
        50.208333333333336,
        98.64583333333333,
        96.25,
        98.64583333333333,
        98.95833333333333,
        98.64583333333333,
        98.64583333333333,
        83.22916666666667,
        96.875,
        98.54166666666667,
        49.791666666666664,
        80.9375,
        49.791666666666664,
        49.791666666666664,
        52.916666666666664,
        49.791666666666664,
        49.791666666666664,
        49.791666666666664,
        49.791666666666664,
        49.791666666666664
    ],
    "spikes": [
        184.10729166666667,
        248.675,
        295.8989583333333,
        345.15416666666664,
        366.38958333333335,
        376.80833333333334,
        387.10729166666664,
        393.9447916666667,
        404.37083333333334,
        415.44895833333334,
        421.203125,
        425.50625,
        434.70104166666664,
        428.78333333333336,
        439.50104166666665,
        438.48020833333334,
        437.9614583333333,
        452.221875,
        447.16770833333334,
        462.003125,
        478.215625,
        489.540625,
        496.61875,
        515.8,
        516.8854166666666,
        528.0552083333333,
        533.3322916666667,
        533.5770833333333,
        534.8520833333333,
        537.4177083333333,
        534.403125,
        536.859375,
        536.453125
    ]
}