run_id,agent_type,mode_name,delta_value,avg_reward_last_100_ep,max_reward_achieved,avg_spikes_last_100_ep,total_training_time_sec,solved_at_episode,total_episodes_trained
22,ANN,ANN_Baseline,,368.32,500.0,0.0,164.15340900421143,-1,800
22,SNN,SNN_Dissipative,10.0,441.06,500.0,11705.48161187023,1420.4227521419525,-1,800
22,SNN,SNN_Expansive,-1.5,178.27,500.0,32365.85914868403,744.8264813423157,-1,800
22,SNN,SNN_Tough,2.5,323.28,500.0,13054.625781338476,1372.9335358142853,-1,800
