{
    "train_loss": [
        0.7206196390813396,
        0.7164766423163875,
        0.7131063197889635,
        0.6971307839116743,
        0.5753716994677821,
        0.48412542333526,
        0.47220258030199236,
        0.4009043218628053,
        0.2959793642643959,
        0.13830645244208076,
        0.04528244646386274,
        0.03399362522477825,
        0.03152228618461278,
        0.028289058914167747,
        0.03081485583266664,
        0.025670929676702908,
        0.02803997542603963,
        0.02643131698677016,
        0.02672555522182055,
        0.02562205293290918,
        0.025527212851410432,
        0.023764035675764805,
        0.025952751387751872,
        0.023840889999372585,
        0.025860731696499693,
        0.021665182696925776,
        0.03007939266746924,
        0.021089022134190366,
        0.020111649038059818,
        0.020375393988234142,
        0.022130350691206273,
        0.019797722793995373,
        0.020475543836402075,
        0.021784389763319444,
        0.027352581615559757,
        0.023427597048031466,
        0.02422216712241812,
        0.021158853527008286
    ],
    "train_acc": [
        50.05040322580645,
        50.07560483870968,
        50.05040322580645,
        50.07560483870968,
        49.92439516129032,
        71.79939516129032,
        99.24395161290323,
        98.86592741935483,
        99.36995967741936,
        99.44556451612904,
        99.44556451612904,
        99.44556451612904,
        99.47076612903226,
        99.42036290322581,
        99.44556451612904,
        99.44556451612904,
        99.44556451612904,
        99.44556451612904,
        99.44556451612904,
        99.44556451612904,
        99.44556451612904,
        99.47076612903226,
        99.44556451612904,
        99.44556451612904,
        99.47076612903226,
        99.47076612903226,
        99.3195564516129,
        99.49596774193549,
        99.5211693548387,
        99.49596774193549,
        99.34475806451613,
        99.47076612903226,
        99.42036290322581,
        99.44556451612904,
        99.26915322580645,
        99.29435483870968,
        99.36995967741936,
        99.49596774193549
    ],
    "test_loss": [
        0.719612983862559,
        0.715770689646403,
        0.7069960236549377,
        0.7133496920267741,
        0.8750940879185994,
        1.1185908754666647,
        1.5441165606180827,
        1.5721172094345093,
        1.514662472407023,
        0.7684154589970906,
        1.0562671581904093,
        0.6752150217692058,
        0.6199659427007039,
        0.7247539758682251,
        0.7284880042076111,
        0.6927832086881002,
        0.852547824382782,
        0.7981022000312805,
        0.7446415424346924,
        0.7728705088297526,
        0.7716070850690205,
        0.8031864762306213,
        0.817807408173879,
        0.8543843944867452,
        0.9100257198015849,
        0.8159088214238485,
        0.8058995326360067,
        0.7579389969507854,
        0.9241214791933695,
        0.8130911588668823,
        0.7819635947545369,
        0.8699948827425639,
        0.87476460536321,
        0.7750733256340027,
        0.8053405920664469,
        0.8005446434020996,
        0.7431344548861186,
        0.7893609325091044
    ],
    "test_acc": [
        49.791666666666664,
        49.791666666666664,
        49.791666666666664,
        49.791666666666664,
        50.208333333333336,
        50.208333333333336,
        50.208333333333336,
        50.208333333333336,
        50.208333333333336,
        50.208333333333336,
        68.64583333333333,
        82.70833333333333,
        56.458333333333336,
        79.27083333333333,
        51.666666666666664,
        56.875,
        49.791666666666664,
        49.791666666666664,
        49.791666666666664,
        50.625,
        51.354166666666664,
        49.791666666666664,
        84.6875,
        49.791666666666664,
        49.791666666666664,
        49.791666666666664,
        50.104166666666664,
        49.791666666666664,
        49.791666666666664,
        49.791666666666664,
        49.791666666666664,
        53.854166666666664,
        49.791666666666664,
        49.791666666666664,
        52.083333333333336,
        57.395833333333336,
        49.791666666666664,
        49.791666666666664
    ],
    "spikes": [
        3.375,
        26.80625,
        51.405208333333334,
        123.215625,
        124.53541666666666,
        132.85416666666666,
        136.31770833333334,
        141.5125,
        171.371875,
        268.6625,
        305.46875,
        311.46770833333335,
        312.8354166666667,
        312.86354166666666,
        312.2885416666667,
        312.40833333333336,
        309.93541666666664,
        316.3052083333333,
        313.68854166666665,
        314.67395833333336,
        318.19375,
        319.65416666666664,
        323.73541666666665,
        320.78541666666666,
        323.6177083333333,
        323.67291666666665,
        321.2760416666667,
        318.5520833333333,
        321.34166666666664,
        322.51458333333335,
        318.246875,
        321.12916666666666,
        318.3979166666667,
        316.84583333333336,
        314.77916666666664,
        315.92291666666665,
        306.090625,
        308.42083333333335
    ]
}