{
    "train_loss": [
        0.6756101039148146,
        0.5413245438568054,
        0.38743220029338715,
        0.28273549796112124,
        0.22128245042216393,
        0.19563229358003986,
        0.1884192132180737,
        0.18014744837437907,
        0.18076618760824203,
        0.17668693536712277,
        0.1706675932772698,
        0.17013576554675255,
        0.17082495723039873,
        0.16843083428759728,
        0.17282706907679957,
        0.16974534478879744,
        0.16556203293223534,
        0.1667686001427712,
        0.1646350045357981,
        0.16872084092709325
    ],
    "train_acc": [
        50.025201612903224,
        49.92439516129032,
        60.559475806451616,
        98.63911290322581,
        99.19354838709677,
        99.04233870967742,
        98.21068548387096,
        98.18548387096774,
        96.1945564516129,
        95.91733870967742,
        96.67338709677419,
        96.24495967741936,
        98.10987903225806,
        98.18548387096774,
        97.58064516129032,
        98.96673387096774,
        98.71471774193549,
        98.48790322580645,
        98.48790322580645,
        98.4375
    ],
    "test_loss": [
        0.6966703136761984,
        0.735834002494812,
        0.8831664840380351,
        1.1527223348617555,
        1.3233548720677695,
        1.5369858105977376,
        1.56216193040212,
        1.6230692466100056,
        2.0231227795283,
        1.9269630591074625,
        2.061124300956726,
        1.8542102495829265,
        2.2376689116160073,
        2.336406683921814,
        2.2001400709152223,
        2.322945785522461,
        2.469291265805562,
        2.355835525194804,
        2.235540588696798,
        2.149596118927002
    ],
    "test_acc": [
        49.791666666666664,
        49.791666666666664,
        49.791666666666664,
        53.541666666666664,
        78.33333333333333,
        50.208333333333336,
        50.208333333333336,
        58.75,
        50.208333333333336,
        50.208333333333336,
        50.208333333333336,
        50.208333333333336,
        50.208333333333336,
        50.208333333333336,
        50.208333333333336,
        50.208333333333336,
        50.208333333333336,
        50.208333333333336,
        50.208333333333336,
        50.208333333333336
    ],
    "spikes": [
        192.075,
        263.55,
        301.5416666666667,
        332.3,
        351.996875,
        368.4010416666667,
        368.271875,
        386.0229166666667,
        394.01458333333335,
        392.98125,
        394.215625,
        399.2604166666667,
        399.5552083333333,
        397.9,
        401.48020833333334,
        400.9,
        401.08020833333336,
        405.81354166666665,
        411.15833333333336,
        416.12291666666664
    ]
}