{
    "train_loss": [
        0.5814455238080793,
        0.40248870609268067,
        0.2614044282705553,
        0.16201995325184637,
        0.10154790142851491,
        0.0705426629752882,
        0.05368753258259066,
        0.044936446082447803,
        0.03961905575687847,
        0.03609354355402531,
        0.033950888732027625,
        0.032710660339122816,
        0.032167521230275595,
        0.03153905405422613,
        0.030758957633928906,
        0.03023575284638472
    ],
    "train_acc": [
        88.50806451612904,
        99.34475806451613,
        99.34475806451613,
        99.34475806451613,
        99.36995967741936,
        99.34475806451613,
        99.34475806451613,
        99.34475806451613,
        99.34475806451613,
        99.34475806451613,
        99.34475806451613,
        99.34475806451613,
        99.34475806451613,
        99.34475806451613,
        99.34475806451613,
        99.34475806451613
    ],
    "test_loss": [
        0.6246854861577352,
        0.6098095337549846,
        0.6323449611663818,
        0.689106559753418,
        0.7675606449445088,
        0.7743157068888347,
        0.8570364753405253,
        0.8154402852058411,
        0.9082658171653748,
        0.933620035648346,
        0.7558977087338765,
        0.757630447546641,
        1.0429981112480164,
        1.0935650706291198,
        0.7732795397440593,
        1.2713290850321453
    ],
    "test_acc": [
        50.208333333333336,
        50.208333333333336,
        50.208333333333336,
        50.208333333333336,
        50.208333333333336,
        50.208333333333336,
        50.208333333333336,
        50.208333333333336,
        50.208333333333336,
        50.208333333333336,
        50.208333333333336,
        50.208333333333336,
        50.208333333333336,
        50.208333333333336,
        50.208333333333336,
        50.208333333333336
    ]
}