{
    "train_loss": [
        0.6677517189133552,
        0.5470553550028032,
        0.37437019232780705,
        0.27174866872449077,
        0.2180156082876267,
        0.1923108845949173,
        0.18303410660836003,
        0.17854866866142519,
        0.17581442527232632,
        0.17323098331689835,
        0.17255542739745108,
        0.17005596406036808,
        0.16881337401367003,
        0.16631898091685388,
        0.16763721382425678,
        0.1659362953036062,
        0.1636472082426471,
        0.16637824403662835,
        0.16398130213060685,
        0.16433965895445116,
        0.16206337415402935,
        0.16492158030309984,
        0.16143916859742133,
        0.16023874547212355,
        0.15022465851037733,
        0.13909368000684247,
        0.12066155984517067,
        0.12718091700826922,
        0.08567380664810058,
        0.05710637830798664,
        0.0452871167010838,
        0.0435860849195911,
        0.03952736709447157,
        0.037930935350877625,
        0.03212677454575896,
        0.03494066543005887,
        0.031241057583341194
    ],
    "train_acc": [
        50.0,
        49.899193548387096,
        52.92338709677419,
        99.36995967741936,
        99.44556451612904,
        99.42036290322581,
        99.42036290322581,
        99.39516129032258,
        99.42036290322581,
        99.3195564516129,
        99.24395161290323,
        99.42036290322581,
        99.19354838709677,
        98.7399193548387,
        99.01713709677419,
        98.7399193548387,
        99.24395161290323,
        99.14314516129032,
        98.48790322580645,
        98.89112903225806,
        98.79032258064517,
        98.56350806451613,
        99.19354838709677,
        98.08467741935483,
        98.28629032258064,
        98.41229838709677,
        98.38709677419355,
        97.73185483870968,
        97.10181451612904,
        99.42036290322581,
        99.42036290322581,
        99.49596774193549,
        99.44556451612904,
        99.42036290322581,
        99.42036290322581,
        99.42036290322581,
        99.42036290322581
    ],
    "test_loss": [
        0.6873739878336589,
        0.6494244178136189,
        0.6602039217948914,
        0.7529286901156108,
        0.49145733515421547,
        0.5203589955965678,
        0.634369436899821,
        1.3235981146494546,
        0.9057815790176391,
        0.8415452559789022,
        1.142623774210612,
        0.6023805618286133,
        0.3986707846323649,
        0.5095077474912008,
        0.4190785765647888,
        0.43730496168136596,
        0.2359943111737569,
        0.2408831735452016,
        0.23802642226219178,
        0.3018120348453522,
        0.2400176187356313,
        0.25558362901210785,
        0.2788124610980352,
        0.7054201324780782,
        1.2791955709457397,
        0.2791811486085256,
        1.3146785338719686,
        0.37199718356132505,
        0.33088351289431256,
        0.35496747692426045,
        1.4108645995457967,
        0.6380095541477203,
        0.8585741718610128,
        1.1713148554166157,
        0.5996160844961802,
        1.1813897013664245,
        0.5736815651257833
    ],
    "test_acc": [
        49.791666666666664,
        49.791666666666664,
        49.791666666666664,
        73.33333333333333,
        51.145833333333336,
        52.604166666666664,
        84.27083333333333,
        51.354166666666664,
        98.4375,
        98.85416666666667,
        95.625,
        98.54166666666667,
        98.64583333333333,
        98.4375,
        97.39583333333333,
        98.64583333333333,
        98.64583333333333,
        98.54166666666667,
        98.85416666666667,
        98.64583333333333,
        98.64583333333333,
        99.0625,
        98.85416666666667,
        98.22916666666667,
        91.66666666666667,
        96.77083333333333,
        83.125,
        98.75,
        50.208333333333336,
        53.125,
        50.208333333333336,
        50.208333333333336,
        50.208333333333336,
        50.208333333333336,
        50.208333333333336,
        50.208333333333336,
        50.208333333333336
    ],
    "spikes": [
        159.25416666666666,
        213.98229166666667,
        268.403125,
        298.34583333333336,
        322.8677083333333,
        337.028125,
        333.11145833333336,
        342.3989583333333,
        344.2260416666667,
        356.6927083333333,
        358.18541666666664,
        377.5541666666667,
        385.6020833333333,
        385.68645833333335,
        388.93854166666665,
        389.1958333333333,
        391.921875,
        394.4625,
        398.44166666666666,
        414.13645833333334,
        407.8177083333333,
        414.8229166666667,
        407.80833333333334,
        405.078125,
        417.4895833333333,
        438.38125,
        430.62291666666664,
        453.7875,
        462.9,
        465.9791666666667,
        453.5385416666667,
        467.28125,
        467.2875,
        470.1354166666667,
        481.278125,
        469.334375,
        475.43541666666664
    ]
}