{
    "train_loss": [
        0.5399533221798558,
        0.36341069061909953,
        0.22908921780124789,
        0.13707455367811264,
        0.0864777467664211,
        0.06039032496271595,
        0.04791593485541882,
        0.039464394351647746,
        0.03720577747651165,
        0.03440272533184578,
        0.03363198397921458,
        0.031482611918040825,
        0.0319223650806253,
        0.030107011815773382,
        0.030912757813630086,
        0.031701058051699114
    ],
    "train_acc": [
        93.62399193548387,
        99.34475806451613,
        99.34475806451613,
        99.34475806451613,
        99.34475806451613,
        99.34475806451613,
        99.34475806451613,
        99.39516129032258,
        99.34475806451613,
        99.36995967741936,
        99.34475806451613,
        99.36995967741936,
        99.34475806451613,
        99.36995967741936,
        99.34475806451613,
        99.34475806451613
    ],
    "test_loss": [
        0.7169699549674988,
        0.8114124576250712,
        0.9816632072130839,
        1.2383917331695558,
        1.4198152939478557,
        1.6652915557225545,
        1.8194136540095012,
        1.8313889424006145,
        1.9879879713058473,
        2.07540389696757,
        2.172882088025411,
        2.0764458735783893,
        2.1080165545145673,
        2.372185198465983,
        2.510956947008769,
        1.9214523315429688
    ],
    "test_acc": [
        50.208333333333336,
        50.208333333333336,
        50.208333333333336,
        50.208333333333336,
        50.208333333333336,
        50.208333333333336,
        50.208333333333336,
        50.208333333333336,
        50.208333333333336,
        50.208333333333336,
        50.208333333333336,
        50.208333333333336,
        50.208333333333336,
        50.208333333333336,
        50.208333333333336,
        50.208333333333336
    ]
}