{
    "train_loss": [
        0.7040490863784667,
        0.7021283776529373,
        0.6957227847268505,
        0.6566611566851216,
        0.5715835498225305,
        0.4350745269367772,
        0.21893306100560772,
        0.08809146495355714,
        0.043848952383644155,
        0.034403178435299664,
        0.028605696760238178,
        0.03501513818158738,
        0.03153355569849091,
        0.03179730785890452,
        0.0283320247826557,
        0.02771636942071059,
        0.02547172310521766,
        0.02965995461319483,
        0.027581819708669377,
        0.026824868607124495
    ],
    "train_acc": [
        50.025201612903224,
        49.92439516129032,
        50.07560483870968,
        49.84879032258065,
        50.0,
        79.81350806451613,
        99.44556451612904,
        99.42036290322581,
        99.42036290322581,
        99.44556451612904,
        99.42036290322581,
        99.3195564516129,
        99.39516129032258,
        99.42036290322581,
        99.44556451612904,
        99.44556451612904,
        99.36995967741936,
        99.42036290322581,
        99.39516129032258,
        99.39516129032258
    ],
    "test_loss": [
        0.7035245537757874,
        0.7015384912490845,
        0.6969273885091146,
        0.7091033021608989,
        0.8217942277590434,
        0.9077277580897013,
        1.0781076868375143,
        1.1233816067377727,
        1.0649908701578776,
        1.004260571797689,
        0.9709491968154907,
        0.9074348330497741,
        0.8114937822024028,
        0.9190418402353923,
        0.9342920740445455,
        0.8606921156247457,
        1.0381423274676005,
        0.8031153202056884,
        0.8261617461840312,
        0.8574529886245728
    ],
    "test_acc": [
        49.791666666666664,
        49.791666666666664,
        49.791666666666664,
        49.791666666666664,
        64.89583333333333,
        50.208333333333336,
        50.208333333333336,
        50.208333333333336,
        50.208333333333336,
        50.208333333333336,
        50.208333333333336,
        50.208333333333336,
        1.3541666666666667,
        1.0416666666666667,
        7.395833333333333,
        5.416666666666667,
        50.208333333333336,
        50.208333333333336,
        50.208333333333336,
        42.083333333333336
    ],
    "spikes": [
        3.0,
        26.373958333333334,
        55.51875,
        74.8875,
        94.959375,
        125.821875,
        196.69375,
        229.18333333333334,
        232.33125,
        235.54479166666667,
        244.30729166666666,
        245.26666666666668,
        246.48229166666667,
        243.996875,
        243.53020833333332,
        243.40104166666666,
        244.08125,
        243.86875,
        242.97291666666666,
        243.95833333333334
    ]
}