{
    "train_loss": [
        0.7410906687859566,
        0.7353628921893335,
        0.7297032081311748,
        0.7095530552248801,
        0.6508082593640974,
        0.5798661997241359,
        0.5299514767623716,
        0.4658573346753274,
        0.3478905174040025,
        0.24462156334230978,
        0.09899732458495325,
        0.04053306998685002,
        0.03182411956931314,
        0.02756290229397916,
        0.02671266231505621,
        0.023951094635131377
    ],
    "train_acc": [
        50.05040322580645,
        50.05040322580645,
        49.94959677419355,
        50.07560483870968,
        50.0,
        49.94959677419355,
        50.05040322580645,
        49.94959677419355,
        50.0,
        72.00100806451613,
        99.39516129032258,
        99.36995967741936,
        99.39516129032258,
        99.26915322580645,
        99.36995967741936,
        99.42036290322581
    ],
    "test_loss": [
        0.736599612236023,
        0.7312354246775309,
        0.7129239360491435,
        0.7157792568206787,
        0.743218477567037,
        0.9084633549054464,
        0.9483102281888326,
        1.0646062930425009,
        1.1668417890866598,
        1.0251352548599244,
        0.7145349701245626,
        0.7953751762708028,
        0.7046405474344889,
        0.6995654424031575,
        0.637376892566681,
        0.6965325037638347
    ],
    "test_acc": [
        49.791666666666664,
        49.791666666666664,
        49.791666666666664,
        49.791666666666664,
        49.791666666666664,
        49.791666666666664,
        49.791666666666664,
        49.791666666666664,
        49.791666666666664,
        49.791666666666664,
        49.791666666666664,
        49.791666666666664,
        49.791666666666664,
        49.791666666666664,
        49.791666666666664,
        49.791666666666664
    ],
    "spikes": [
        7.572916666666667,
        31.971875,
        59.228125,
        115.59166666666667,
        120.29270833333334,
        126.88958333333333,
        125.32083333333334,
        131.89479166666666,
        130.890625,
        186.40520833333332,
        269.8229166666667,
        286.584375,
        292.18541666666664,
        297.88645833333334,
        299.75,
        299.778125
    ]
}