{
    "train_loss": [
        0.6939948278088723,
        0.6936598400915822,
        0.6935299231160071,
        0.6650813318067982,
        0.5374497593410553,
        0.28770726967242455,
        0.11311703848261986,
        0.059816083059676235,
        0.046172271572774454,
        0.04293187381699681,
        0.04082171657993909,
        0.04337274110425384,
        0.04104364947265675,
        0.03978020054919104,
        0.04046568402179306,
        0.04063860144496204
    ],
    "train_acc": [
        50.025201612903224,
        49.899193548387096,
        49.94959677419355,
        50.0,
        50.93245967741935,
        95.69052419354838,
        99.39516129032258,
        99.36995967741936,
        99.36995967741936,
        99.36995967741936,
        99.39516129032258,
        99.36995967741936,
        99.36995967741936,
        99.39516129032258,
        99.36995967741936,
        99.36995967741936
    ],
    "test_loss": [
        0.693672239780426,
        0.6935146490732829,
        0.7022771000862121,
        0.703796923160553,
        0.6893791556358337,
        1.0980562885602316,
        0.9135471900304158,
        1.2029170831044516,
        1.2221537748972575,
        1.295488166809082,
        1.1385687390963237,
        1.1563899596532186,
        1.3317352056503295,
        1.1670100847880045,
        1.1735727270444234,
        1.0887701551119486
    ],
    "test_acc": [
        49.791666666666664,
        49.791666666666664,
        49.791666666666664,
        49.791666666666664,
        49.791666666666664,
        49.791666666666664,
        49.791666666666664,
        49.791666666666664,
        49.791666666666664,
        49.791666666666664,
        49.791666666666664,
        49.791666666666664,
        49.791666666666664,
        49.791666666666664,
        49.791666666666664,
        49.791666666666664
    ],
    "spikes": [
        3.0,
        12.641666666666667,
        44.08958333333333,
        71.73125,
        97.60833333333333,
        174.0,
        197.18645833333332,
        209.50729166666667,
        216.08333333333334,
        220.66770833333334,
        219.74583333333334,
        223.12708333333333,
        220.659375,
        224.19791666666666,
        227.88958333333332,
        224.975
    ]
}