{
    "train_loss": [
        0.7540626064423592,
        0.7459516515654903,
        0.7116708370947069,
        0.6394351422786713,
        0.5597374987217688,
        0.4998806912091471,
        0.29823266979186763,
        0.16678017209614476,
        0.08035829903617982,
        0.04764101795491672,
        0.035088666481897235,
        0.03782215462096276,
        0.03285463452489386,
        0.03156560998139603,
        0.02995054740008087,
        0.02820768225712762,
        0.027394518932147373,
        0.027163297351029132,
        0.02998585069191552,
        0.030911745327044157,
        0.032031810602113124,
        0.03126872290346411,
        0.030247255863111104,
        0.029675799166603435,
        0.03129611718243048,
        0.02938869334156475,
        0.02913547913363624
    ],
    "train_acc": [
        49.899193548387096,
        50.12600806451613,
        50.07560483870968,
        50.0,
        53.225806451612904,
        93.67439516129032,
        99.19354838709677,
        99.3195564516129,
        99.3195564516129,
        99.3195564516129,
        99.3195564516129,
        99.3195564516129,
        99.3195564516129,
        99.36995967741936,
        99.3195564516129,
        99.3195564516129,
        99.3195564516129,
        99.34475806451613,
        99.3195564516129,
        99.34475806451613,
        99.3195564516129,
        99.3195564516129,
        99.3195564516129,
        99.3195564516129,
        99.34475806451613,
        99.26915322580645,
        99.34475806451613
    ],
    "test_loss": [
        0.7511268417040508,
        0.7357932845751445,
        0.768303906917572,
        0.8114304343859354,
        0.8741793274879456,
        1.1197613875071208,
        1.6036521832148234,
        1.4662902116775514,
        1.295477044582367,
        0.9660646120707194,
        0.9307608246803284,
        0.8167046626408895,
        1.2273897727330525,
        0.9253008484840393,
        1.1748986482620238,
        0.8544541120529174,
        1.13001336256663,
        1.1156209111213684,
        1.4358502546946208,
        1.4399094104766845,
        1.3468895355860393,
        1.4022518475850423,
        1.3427017370859782,
        1.0164834340413411,
        0.940410856405894,
        1.0430390993754068,
        1.5855559905370076
    ],
    "test_acc": [
        49.791666666666664,
        49.791666666666664,
        49.791666666666664,
        53.229166666666664,
        50.208333333333336,
        50.208333333333336,
        50.208333333333336,
        50.208333333333336,
        50.208333333333336,
        50.208333333333336,
        50.208333333333336,
        53.541666666666664,
        50.208333333333336,
        50.208333333333336,
        50.208333333333336,
        50.208333333333336,
        50.208333333333336,
        50.208333333333336,
        50.208333333333336,
        50.208333333333336,
        50.208333333333336,
        50.208333333333336,
        50.208333333333336,
        50.208333333333336,
        50.208333333333336,
        50.208333333333336,
        50.208333333333336
    ],
    "spikes": [
        14.444791666666667,
        62.515625,
        154.990625,
        142.44270833333334,
        142.99791666666667,
        177.99375,
        218.05520833333333,
        282.7239583333333,
        317.5552083333333,
        334.4291666666667,
        336.50625,
        332.853125,
        330.9135416666667,
        330.6125,
        332.759375,
        330.04270833333334,
        329.3052083333333,
        331.0208333333333,
        328.45208333333335,
        324.2395833333333,
        332.87083333333334,
        341.95416666666665,
        346.9947916666667,
        347.99375,
        339.23854166666666,
        339.3489583333333,
        344.73125
    ]
}