repetition,mode,delta,best_test_accuracy,final_train_loss,final_test_loss,final_avg_spikes,layer4_linearity_spike_count,internal_metrics
13,expansive_delta_-1.5,-1.5,98.33333333333333,0.11935543701533348,0.33308913707733157,444.3208333333333,0.9895833333333334,"{'layer1_rate_mean': 0.5596614758173625, 'layer1_sparsity_mean': 0.4403385241826375, 'layer2_rate_mean': 0.2993391970793406, 'layer2_sparsity_mean': 0.7006607969601949, 'layer3_rate_mean': 0.2571940183639526, 'layer3_sparsity_mean': 0.7428059816360474, 'layer4_rate_mean': 0.10343750168879827, 'layer4_sparsity_mean': 0.8965625047683716}"
13,tough_delta_2.0,2.0,49.791666666666664,0.04226820611004387,1.1508213798205058,250.54270833333334,0.5034722222222222,"{'layer1_rate_mean': 0.01193033866584301, 'layer1_sparsity_mean': 0.9880696614583333, 'layer2_rate_mean': 0.0011393229205471775, 'layer2_sparsity_mean': 0.9988606731096904, 'layer3_rate_mean': 0.0, 'layer3_sparsity_mean': 1.0, 'layer4_rate_mean': 0.0, 'layer4_sparsity_mean': 1.0}"
13,dissipative_delta_10.0,10.0,98.85416666666667,0.028915378595552137,1.4760106881459554,318.1875,0.9930555555555556,"{'layer1_rate_mean': 0.3097070336341858, 'layer1_sparsity_mean': 0.6902929623921712, 'layer2_rate_mean': 0.35294596950213114, 'layer2_sparsity_mean': 0.6470540245374043, 'layer3_rate_mean': 0.33340820868810017, 'layer3_sparsity_mean': 0.6665917793909709, 'layer4_rate_mean': 0.2514583388964335, 'layer4_sparsity_mean': 0.7485416571299235}"
