repetition,mode,delta,best_test_accuracy,final_train_loss,final_test_loss,final_avg_spikes,layer4_linearity_spike_count,internal_metrics
0,expansive_delta_-1.5,-1.5,99.0625,0.031241057583341194,0.5736815651257833,475.43541666666664,0.9930555555555556,"{'layer1_rate_mean': 0.5328808744748433, 'layer1_sparsity_mean': 0.46711912552515666, 'layer2_rate_mean': 0.3464160223801931, 'layer2_sparsity_mean': 0.6535839716593425, 'layer3_rate_mean': 0.41343425114949545, 'layer3_sparsity_mean': 0.5865657409032186, 'layer4_rate_mean': 0.11489583402872086, 'layer4_sparsity_mean': 0.8851041714350383}"
0,tough_delta_2.0,2.0,95.83333333333333,0.02243884903709254,1.1690167228380839,316.9625,0.9618055555555556,"{'layer1_rate_mean': 0.29097657004992167, 'layer1_sparsity_mean': 0.7090234200159709, 'layer2_rate_mean': 0.36121094425519307, 'layer2_sparsity_mean': 0.6387890537579854, 'layer3_rate_mean': 0.3844270904858907, 'layer3_sparsity_mean': 0.6155728975931803, 'layer4_rate_mean': 0.14916666746139526, 'layer4_sparsity_mean': 0.8508333365122477}"
0,dissipative_delta_10.0,10.0,98.75,0.027043692106681484,0.6448857347170512,407.3041666666667,0.9895833333333334,"{'layer1_rate_mean': 0.3684472660223643, 'layer1_sparsity_mean': 0.6315527200698853, 'layer2_rate_mean': 0.2938704490661621, 'layer2_sparsity_mean': 0.7061295588811238, 'layer3_rate_mean': 0.22906250258286795, 'layer3_sparsity_mean': 0.7709374944368999, 'layer4_rate_mean': 0.0504166675110658, 'layer4_sparsity_mean': 0.9495833357175191}"
