{
    "train_loss": [
        0.6931729643575607,
        0.6931947960007575,
        0.6931640073176353,
        0.6931555867195129,
        0.6880286749332182,
        0.5449714319359872,
        0.29222650321260574,
        0.09653883938106798,
        0.04165060073137283,
        0.035250214228947314,
        0.029715041735119397,
        0.02756429137662053,
        0.029755192403230938,
        0.02529193084656952,
        0.026697164559135993,
        0.023951306015313152,
        0.02415883100231088,
        0.026825374236420518,
        0.024271311659005382,
        0.026847234281200553,
        0.021138574248330006,
        0.023512963982929867,
        0.019173651550626083,
        0.024644692860273345,
        0.018810460809618235,
        0.018909744726824423,
        0.018638894874452343,
        0.0203325082472856
    ],
    "train_acc": [
        50.05040322580645,
        49.87399193548387,
        50.05040322580645,
        50.100806451612904,
        50.07560483870968,
        49.974798387096776,
        64.3649193548387,
        99.42036290322581,
        99.42036290322581,
        99.44556451612904,
        99.47076612903226,
        99.42036290322581,
        99.39516129032258,
        99.47076612903226,
        99.47076612903226,
        99.57157258064517,
        99.47076612903226,
        99.44556451612904,
        99.49596774193549,
        99.47076612903226,
        99.62197580645162,
        99.34475806451613,
        99.5211693548387,
        99.36995967741936,
        99.5211693548387,
        99.59677419354838,
        99.5211693548387,
        99.49596774193549
    ],
    "test_loss": [
        0.6931935667991638,
        0.6931692957878113,
        0.6931689540545146,
        0.6931742151578267,
        0.7194326241811116,
        0.9219259142875671,
        1.2754478335380555,
        1.0725940346717835,
        1.0184475739796957,
        0.7882978240648906,
        0.9133092045783997,
        0.7852969169616699,
        0.8434172908465067,
        0.8648035446802775,
        0.8531500776608785,
        0.8818745175997417,
        1.0897992531458536,
        1.0372000058492026,
        1.0650453408559164,
        0.9446694453557333,
        1.0714843034744264,
        1.162800097465515,
        1.137491798400879,
        1.1611021757125854,
        1.162679139773051,
        0.9933610359827677,
        1.198500108718872,
        1.4560369412104288
    ],
    "test_acc": [
        49.791666666666664,
        49.791666666666664,
        49.791666666666664,
        49.791666666666664,
        49.791666666666664,
        49.791666666666664,
        50.208333333333336,
        50.208333333333336,
        50.208333333333336,
        50.208333333333336,
        96.45833333333333,
        98.125,
        98.4375,
        98.4375,
        87.5,
        76.45833333333333,
        71.5625,
        74.79166666666667,
        49.791666666666664,
        49.791666666666664,
        49.791666666666664,
        49.791666666666664,
        49.791666666666664,
        49.791666666666664,
        49.791666666666664,
        49.791666666666664,
        49.791666666666664,
        49.791666666666664
    ],
    "spikes": [
        0.0,
        6.4625,
        18.898958333333333,
        46.30416666666667,
        95.59270833333333,
        146.0,
        243.84166666666667,
        312.02916666666664,
        326.51770833333336,
        342.4739583333333,
        352.8125,
        353.9135416666667,
        355.62291666666664,
        352.5989583333333,
        354.35729166666664,
        355.4895833333333,
        351.06458333333336,
        348.94895833333334,
        349.15625,
        355.43854166666665,
        345.0552083333333,
        348.0364583333333,
        346.58229166666666,
        348.8677083333333,
        349.99375,
        348.871875,
        346.57395833333334,
        344.86354166666666
    ]
}