{
    "train_loss": [
        0.5651488246456269,
        0.41279749716481856,
        0.27970103054277357,
        0.1782027028741375,
        0.11010895597357903,
        0.07501614147857312,
        0.05540733129507111,
        0.04352694185030076,
        0.03843476800548454,
        0.0348684657515297,
        0.033178278650607795,
        0.03162740846915591,
        0.03092264438859157,
        0.030992884767211733,
        0.029808977528685523,
        0.02792211002369802
    ],
    "train_acc": [
        94.80846774193549,
        99.36995967741936,
        99.36995967741936,
        99.36995967741936,
        99.36995967741936,
        99.36995967741936,
        99.36995967741936,
        99.39516129032258,
        99.36995967741936,
        99.36995967741936,
        99.36995967741936,
        99.36995967741936,
        99.36995967741936,
        99.36995967741936,
        99.39516129032258,
        99.42036290322581
    ],
    "test_loss": [
        0.6678065856297811,
        0.6524933775266012,
        0.668502954641978,
        0.7915285150210063,
        0.8586060762405395,
        0.8501483917236328,
        1.015538505713145,
        0.9275420784950257,
        0.8692718029022217,
        1.0027629017829895,
        1.2060110410054525,
        0.9285385330518087,
        1.2790671745936075,
        1.2083224097887675,
        1.2465907375017802,
        1.0627974669138591
    ],
    "test_acc": [
        50.208333333333336,
        50.208333333333336,
        50.208333333333336,
        50.208333333333336,
        50.208333333333336,
        50.208333333333336,
        50.208333333333336,
        50.208333333333336,
        50.208333333333336,
        50.208333333333336,
        50.208333333333336,
        50.208333333333336,
        50.208333333333336,
        50.208333333333336,
        50.208333333333336,
        50.208333333333336
    ]
}