{
    "train_loss": [
        0.6787416502352683,
        0.5909848842890032,
        0.42690541042435554,
        0.2936626119959739,
        0.20886638087611045,
        0.18343353776201124,
        0.17894560699501344,
        0.1696210477140642,
        0.17081806135754432,
        0.16852808407237452,
        0.16801762412632665,
        0.16662309535088077,
        0.16729382593785563,
        0.16887095738803187,
        0.167153038084507,
        0.16503449601511802,
        0.16201888505489595,
        0.1621779179380786,
        0.16172294078334684,
        0.16134466351039947,
        0.1561064753801592,
        0.13305894393594034,
        0.11102710447965129,
        0.10148929522162484,
        0.09732221463514913,
        0.0942519560095764,
        0.0900656564101096,
        0.09109625568793665,
        0.08622292435217288,
        0.07360613874850734,
        0.054358823735627435,
        0.033350396420686476,
        0.028797597068572236,
        0.027429525109548724,
        0.02721696736801776,
        0.024243030494319334
    ],
    "train_acc": [
        50.025201612903224,
        50.0,
        64.99495967741936,
        99.36995967741936,
        99.36995967741936,
        99.44556451612904,
        99.36995967741936,
        99.44556451612904,
        99.24395161290323,
        99.3195564516129,
        99.36995967741936,
        99.21875,
        99.04233870967742,
        99.34475806451613,
        99.06754032258064,
        99.36995967741936,
        99.34475806451613,
        99.3195564516129,
        99.42036290322581,
        99.16834677419355,
        99.42036290322581,
        99.06754032258064,
        98.9163306451613,
        99.3195564516129,
        98.86592741935483,
        98.96673387096774,
        99.3195564516129,
        99.34475806451613,
        99.09274193548387,
        99.3195564516129,
        99.09274193548387,
        99.24395161290323,
        99.36995967741936,
        99.14314516129032,
        99.39516129032258,
        99.36995967741936
    ],
    "test_loss": [
        0.6873980442682902,
        0.6210266908009847,
        0.4934654692808787,
        0.45933182040850323,
        0.7910247882207234,
        0.26755739053090416,
        0.36196181376775105,
        0.38508727550506594,
        0.4057426730791728,
        0.4768362522125244,
        0.2842805822690328,
        0.28247070213158926,
        0.31374163627624513,
        0.3908689816792806,
        0.2572110166152318,
        0.3033520936965942,
        0.3175313254197439,
        0.24211254715919495,
        0.20068488915761312,
        0.26275358299414314,
        0.24462059835592906,
        0.29909043908119204,
        0.37527636289596555,
        0.4096691608428955,
        0.3298551698525747,
        0.457582285006841,
        0.6362283150355021,
        0.8031639417012533,
        0.34955593148867287,
        0.435038286447525,
        0.47055226763089497,
        0.5093580802281698,
        0.5533685147762298,
        0.6183686137199402,
        0.5009878675142924,
        0.4756770352522532
    ],
    "test_acc": [
        49.791666666666664,
        49.791666666666664,
        49.895833333333336,
        98.64583333333333,
        88.22916666666667,
        98.64583333333333,
        61.145833333333336,
        77.60416666666667,
        52.291666666666664,
        51.25,
        98.64583333333333,
        96.45833333333333,
        96.04166666666667,
        85.41666666666667,
        89.79166666666667,
        73.22916666666667,
        58.020833333333336,
        98.54166666666667,
        98.85416666666667,
        91.35416666666667,
        98.95833333333333,
        76.45833333333333,
        55.208333333333336,
        56.041666666666664,
        97.5,
        50.104166666666664,
        97.5,
        98.75,
        88.54166666666667,
        65.83333333333333,
        81.97916666666667,
        81.45833333333333,
        75.9375,
        62.8125,
        60.833333333333336,
        53.333333333333336
    ],
    "spikes": [
        141.46770833333332,
        206.89375,
        247.83645833333333,
        301.12291666666664,
        334.48229166666664,
        352.24895833333335,
        367.390625,
        374.41770833333334,
        383.67395833333336,
        389.56666666666666,
        385.3375,
        392.8052083333333,
        396.775,
        398.23541666666665,
        401.4895833333333,
        403.63125,
        407.28125,
        403.9479166666667,
        398.43541666666664,
        415.4322916666667,
        419.01666666666665,
        431.421875,
        439.6145833333333,
        443.88125,
        446.79895833333336,
        456.43125,
        456.8385416666667,
        459.99791666666664,
        473.48020833333334,
        479.15625,
        494.403125,
        499.35520833333334,
        508.50208333333336,
        514.03125,
        519.2416666666667,
        516.2885416666667
    ]
}