{
    "train_loss": [
        0.701746057118139,
        0.699970732773504,
        0.6903696800431898,
        0.6098854657142393,
        0.5034923111238787,
        0.39862422308614176,
        0.19986380889050423,
        0.0784185293821558,
        0.06565209261832698,
        0.04945633727155866,
        0.04526807213081948,
        0.04211731642604836,
        0.04079361856284161,
        0.03983284964887125,
        0.038517229469312776,
        0.04022107377738481
    ],
    "train_acc": [
        49.974798387096776,
        50.0,
        50.0,
        50.0,
        49.974798387096776,
        50.176411290322584,
        74.94959677419355,
        99.3195564516129,
        99.3195564516129,
        99.3195564516129,
        99.3195564516129,
        99.3195564516129,
        99.3195564516129,
        99.3195564516129,
        99.3195564516129,
        99.3195564516129
    ],
    "test_loss": [
        0.7003633578618368,
        0.7083152016003926,
        0.7732004125912985,
        0.8669287919998169,
        1.0851041158040364,
        1.3407549460728962,
        2.1339155197143556,
        2.093380085627238,
        2.4803476333618164,
        2.5427293459574383,
        2.453726228078206,
        2.692832326889038,
        2.794845962524414,
        2.7765945275624593,
        2.9546915372212728,
        2.9912988980611166
    ],
    "test_acc": [
        49.791666666666664,
        49.791666666666664,
        49.791666666666664,
        49.791666666666664,
        49.791666666666664,
        49.791666666666664,
        49.791666666666664,
        49.791666666666664,
        49.791666666666664,
        49.791666666666664,
        49.791666666666664,
        49.791666666666664,
        49.791666666666664,
        49.791666666666664,
        49.791666666666664,
        49.791666666666664
    ],
    "spikes": [
        10.20625,
        61.01979166666667,
        120.17083333333333,
        112.73645833333333,
        138.06666666666666,
        189.296875,
        321.3677083333333,
        346.88645833333334,
        373.03541666666666,
        386.95104166666664,
        386.37395833333335,
        388.6479166666667,
        391.2427083333333,
        391.33020833333336,
        394.853125,
        392.20729166666666
    ]
}