{
    "train_loss": [
        0.7197670513583768,
        0.716115310307472,
        0.6820525353954684,
        0.6080666972744849,
        0.5671049904438757,
        0.48383671525985966,
        0.31458616977737797,
        0.1045665028354814,
        0.041268970531922196,
        0.03305287637387312,
        0.03150866203941405,
        0.03204686446265588,
        0.031166257832439676,
        0.02921159657829952,
        0.029989530888175773,
        0.027268597405524023,
        0.02945554361588532,
        0.030345601840846,
        0.030076189304611856,
        0.030011560985698335,
        0.027943648953711795,
        0.029362027878843008,
        0.028815679511265648,
        0.02794616737012421,
        0.02794949871097361,
        0.03002985891315245,
        0.02936903165743476,
        0.02750338508837646,
        0.028186118909938922,
        0.025494455562664137,
        0.024939523393949194,
        0.025390908876884607,
        0.028881566336138115
    ],
    "train_acc": [
        50.176411290322584,
        50.100806451612904,
        49.87399193548387,
        49.92439516129032,
        50.05040322580645,
        85.33266129032258,
        99.47076612903226,
        99.49596774193549,
        99.49596774193549,
        99.49596774193549,
        99.49596774193549,
        99.49596774193549,
        99.49596774193549,
        99.49596774193549,
        99.49596774193549,
        99.5211693548387,
        99.49596774193549,
        99.49596774193549,
        99.49596774193549,
        99.49596774193549,
        99.5211693548387,
        99.49596774193549,
        99.49596774193549,
        99.49596774193549,
        99.49596774193549,
        99.49596774193549,
        99.49596774193549,
        99.49596774193549,
        99.49596774193549,
        99.49596774193549,
        99.49596774193549,
        99.5211693548387,
        99.49596774193549
    ],
    "test_loss": [
        0.7192991058031718,
        0.6937861522038777,
        0.7096571326255798,
        0.7412744204203288,
        0.8088414152463277,
        0.8968661944071452,
        0.8680953582127889,
        0.6122138023376464,
        0.5497625291347503,
        0.49870128035545347,
        0.4248372455437978,
        0.4317447304725647,
        0.4821902354558309,
        0.5010652184486389,
        0.5030829111735026,
        0.47101724743843076,
        0.4918166955312093,
        0.5108901679515838,
        0.5163207530975342,
        0.4968191921710968,
        0.5501706838607788,
        0.5378663202126821,
        0.5237875163555146,
        0.5219991783301036,
        0.4473474462827047,
        0.5505100150903066,
        0.46935744484265646,
        0.4685152987639109,
        0.5409552196661631,
        0.44593645334243776,
        0.4695239981015523,
        0.5182743191719055,
        0.5053238868713379
    ],
    "test_acc": [
        49.791666666666664,
        49.791666666666664,
        49.791666666666664,
        49.791666666666664,
        48.854166666666664,
        50.208333333333336,
        50.208333333333336,
        50.729166666666664,
        97.1875,
        98.95833333333333,
        98.85416666666667,
        98.85416666666667,
        98.85416666666667,
        98.85416666666667,
        98.85416666666667,
        98.85416666666667,
        98.85416666666667,
        99.0625,
        98.95833333333333,
        98.85416666666667,
        82.39583333333333,
        81.66666666666667,
        88.33333333333333,
        90.9375,
        98.54166666666667,
        87.5,
        98.95833333333333,
        98.75,
        83.54166666666667,
        98.95833333333333,
        99.0625,
        90.3125,
        95.10416666666667
    ],
    "spikes": [
        7.33125,
        56.221875,
        88.93958333333333,
        81.16770833333334,
        92.48333333333333,
        122.97916666666667,
        202.325,
        296.67604166666666,
        311.6125,
        320.57708333333335,
        324.47291666666666,
        324.75104166666665,
        329.95208333333335,
        331.003125,
        329.71875,
        330.140625,
        331.3822916666667,
        331.134375,
        331.75208333333336,
        328.93958333333336,
        329.93958333333336,
        332.5364583333333,
        330.415625,
        327.08020833333336,
        324.990625,
        324.79583333333335,
        323.0885416666667,
        326.8520833333333,
        328.5885416666667,
        324.0541666666667,
        324.103125,
        325.2291666666667,
        323.971875
    ]
}