{
    "train_loss": [
        0.5948252812508614,
        0.4524538170906805,
        0.3122741966958969,
        0.19133907123919455,
        0.10870110724241502,
        0.06840619246565527,
        0.049645455313786384,
        0.041588344491056854,
        0.036358892406907775,
        0.03348202584311366,
        0.03226238978846419,
        0.030784091236250054,
        0.029120355491496382,
        0.030134704084165635,
        0.029232421529389197,
        0.02855976502741537
    ],
    "train_acc": [
        95.91733870967742,
        99.47076612903226,
        99.47076612903226,
        99.49596774193549,
        99.47076612903226,
        99.47076612903226,
        99.49596774193549,
        99.47076612903226,
        99.47076612903226,
        99.47076612903226,
        99.47076612903226,
        99.47076612903226,
        99.49596774193549,
        99.47076612903226,
        99.47076612903226,
        99.47076612903226
    ],
    "test_loss": [
        0.6500593622525533,
        0.6707902034123738,
        0.7645179549853007,
        0.9469972054163615,
        1.2023429075876872,
        1.451063585281372,
        1.5571016947428384,
        1.7507637739181519,
        1.850272496541341,
        1.9515463272730509,
        1.7442532459894815,
        2.0642662843068442,
        2.0830280621846518,
        2.0748063882191974,
        2.1615555842717487,
        2.413355096181234
    ],
    "test_acc": [
        50.208333333333336,
        50.208333333333336,
        50.208333333333336,
        50.208333333333336,
        50.208333333333336,
        50.208333333333336,
        50.208333333333336,
        50.208333333333336,
        50.208333333333336,
        50.208333333333336,
        50.208333333333336,
        50.208333333333336,
        50.208333333333336,
        50.208333333333336,
        50.208333333333336,
        50.208333333333336
    ]
}