{
    "train_loss": [
        0.6976451460392245,
        0.6965184134821738,
        0.695891160157419,
        0.6799148311538081,
        0.556776431299025,
        0.44853027357209113,
        0.21881269519367524,
        0.09825721491248376,
        0.047454424803295446,
        0.04544838238507509,
        0.04155548878254429,
        0.03939122551931969,
        0.041100064089762106,
        0.03933525527076375,
        0.03891156957815251,
        0.03881262999118095
    ],
    "train_acc": [
        50.025201612903224,
        50.025201612903224,
        50.15120967741935,
        50.12600806451613,
        50.0,
        50.025201612903224,
        60.534274193548384,
        99.29435483870968,
        99.3195564516129,
        99.29435483870968,
        99.29435483870968,
        99.29435483870968,
        99.29435483870968,
        99.29435483870968,
        99.29435483870968,
        99.29435483870968
    ],
    "test_loss": [
        0.6965970555941264,
        0.6957746346791586,
        0.6950583338737488,
        0.7348903894424439,
        0.7856351574261983,
        0.718789537747701,
        0.6436687866846721,
        0.7227787733078003,
        1.0219199180603027,
        1.3300685644149781,
        1.5912218968073526,
        1.2142178455988566,
        1.5384552240371705,
        1.5388038714726766,
        1.5620862563451132,
        1.5614796559015909
    ],
    "test_acc": [
        49.791666666666664,
        49.791666666666664,
        49.791666666666664,
        49.791666666666664,
        49.791666666666664,
        49.791666666666664,
        49.791666666666664,
        49.791666666666664,
        49.791666666666664,
        49.791666666666664,
        49.791666666666664,
        49.791666666666664,
        49.791666666666664,
        49.791666666666664,
        49.791666666666664,
        49.791666666666664
    ],
    "spikes": [
        2.9135416666666667,
        14.36875,
        32.0,
        69.0,
        88.02604166666667,
        123.42395833333333,
        169.72083333333333,
        220.39166666666668,
        236.81875,
        239.284375,
        245.33125,
        249.14166666666668,
        248.23333333333332,
        249.52291666666667,
        250.459375,
        254.5375
    ]
}