{
    "train_loss": [
        0.7095638071337054,
        0.7065222811314368,
        0.6979452554256685,
        0.6433629355122966,
        0.5931106690437563,
        0.5015111325248596,
        0.3894252640105063,
        0.18190077199570595,
        0.06659483744372283,
        0.048629704787726366,
        0.04641302876294621,
        0.043465897996699615,
        0.04136751314264632,
        0.04184118565171957,
        0.04037374686149339,
        0.03992104142784111
    ],
    "train_acc": [
        50.07560483870968,
        50.025201612903224,
        50.07560483870968,
        50.100806451612904,
        49.974798387096776,
        50.025201612903224,
        49.84879032258065,
        58.417338709677416,
        99.26915322580645,
        99.26915322580645,
        99.26915322580645,
        99.26915322580645,
        99.26915322580645,
        99.26915322580645,
        99.26915322580645,
        99.26915322580645
    ],
    "test_loss": [
        0.7071420073509216,
        0.6984367489814758,
        0.7510181148846944,
        0.8312482277552287,
        1.0328312794367471,
        1.316316819190979,
        1.1222708264986674,
        1.3721296707789103,
        1.5873786290486653,
        1.5566436290740966,
        1.7080576181411744,
        1.7920450925827027,
        1.6572106202443442,
        1.686078945795695,
        1.8552887439727783,
        1.488706111907959
    ],
    "test_acc": [
        49.791666666666664,
        49.791666666666664,
        49.791666666666664,
        49.791666666666664,
        49.791666666666664,
        49.791666666666664,
        49.791666666666664,
        49.791666666666664,
        49.791666666666664,
        49.791666666666664,
        49.791666666666664,
        49.791666666666664,
        49.791666666666664,
        49.791666666666664,
        49.791666666666664,
        49.791666666666664
    ],
    "spikes": [
        20.801041666666666,
        78.790625,
        144.96875,
        124.69375,
        138.26666666666668,
        175.52083333333334,
        220.21979166666668,
        339.19375,
        384.721875,
        394.63854166666664,
        396.078125,
        395.878125,
        399.734375,
        407.29791666666665,
        412.18541666666664,
        409.153125
    ]
}