{
    "train_loss": [
        0.6057523815862594,
        0.43492684200886755,
        0.28187984180065895,
        0.16577457672645968,
        0.1012380933088641,
        0.06776080388695963,
        0.04984800511550519,
        0.04166910526973586,
        0.03712578054757849,
        0.03487634041436737,
        0.03300123142018434,
        0.03176490208434482,
        0.031090753994161082,
        0.030716223935146007,
        0.030401950476751212,
        0.029614312611820716,
        0.029576833367407802,
        0.029589537673840118,
        0.029405589117818782,
        0.02899964332520481,
        0.02931131312112895,
        0.029169655115824315,
        0.029213637481593797,
        0.0288155322646602,
        0.02892515905607011,
        0.02917516541727368,
        0.029097552238512906,
        0.028341748661571933,
        0.028539136461462947,
        0.029565749776309297
    ],
    "train_acc": [
        91.07862903225806,
        99.36995967741936,
        99.36995967741936,
        99.36995967741936,
        99.36995967741936,
        99.36995967741936,
        99.39516129032258,
        99.36995967741936,
        99.36995967741936,
        99.36995967741936,
        99.36995967741936,
        99.36995967741936,
        99.36995967741936,
        99.36995967741936,
        99.36995967741936,
        99.36995967741936,
        99.36995967741936,
        99.36995967741936,
        99.36995967741936,
        99.39516129032258,
        99.36995967741936,
        99.36995967741936,
        99.36995967741936,
        99.36995967741936,
        99.36995967741936,
        99.36995967741936,
        99.39516129032258,
        99.39516129032258,
        99.36995967741936,
        99.36995967741936
    ],
    "test_loss": [
        0.6136140584945678,
        0.5517262975374858,
        0.4981677234172821,
        0.4560098906358083,
        0.38790735801060994,
        0.4170662264029185,
        0.3630983273188273,
        0.42475364804267884,
        0.4000659147898356,
        0.2332208424806595,
        0.2875946372747421,
        0.3258507351080577,
        0.2907354364792506,
        0.31638041337331135,
        0.17492543558279675,
        0.24529272119204204,
        0.3143364687760671,
        0.30036452114582063,
        0.27750626107056936,
        0.22964629729588826,
        0.2916944742202759,
        0.17227032383282978,
        0.16078995764255524,
        0.17600325246651968,
        0.2393824259440104,
        0.20860888361930846,
        0.14184782256682713,
        0.17418618301550548,
        0.33195820450782776,
        0.23076469600200653
    ],
    "test_acc": [
        96.97916666666667,
        96.25,
        82.60416666666667,
        80.9375,
        94.79166666666667,
        77.39583333333333,
        90.83333333333333,
        69.27083333333333,
        77.8125,
        98.33333333333333,
        95.41666666666667,
        91.45833333333333,
        94.89583333333333,
        92.08333333333333,
        98.75,
        96.45833333333333,
        91.66666666666667,
        92.70833333333333,
        94.89583333333333,
        96.5625,
        93.02083333333333,
        98.33333333333333,
        98.33333333333333,
        98.22916666666667,
        95.83333333333333,
        97.08333333333333,
        98.75,
        98.02083333333333,
        88.85416666666667,
        96.04166666666667
    ]
}