{
    "train_loss": [
        0.6936609168206492,
        0.6935687959194183,
        0.690784910032826,
        0.6370655077119027,
        0.4285128138238384,
        0.1786507241908581,
        0.0711704890333837,
        0.044310818035756386,
        0.03214081288165142,
        0.026336838521303668,
        0.023760678937598582,
        0.025614848968783212,
        0.02827406282566728,
        0.027861927981458364,
        0.02671324911587421,
        0.025795591424309438,
        0.022991041585262263,
        0.02933091384493896,
        0.02162973144872775,
        0.02331975574469975,
        0.022242228109990398
    ],
    "train_acc": [
        50.100806451612904,
        50.0,
        49.899193548387096,
        50.025201612903224,
        50.15120967741935,
        89.3649193548387,
        99.24395161290323,
        99.39516129032258,
        99.19354838709677,
        99.44556451612904,
        99.16834677419355,
        99.19354838709677,
        99.36995967741936,
        99.47076612903226,
        99.36995967741936,
        99.47076612903226,
        99.26915322580645,
        99.36995967741936,
        99.26915322580645,
        99.36995967741936,
        99.47076612903226
    ],
    "test_loss": [
        0.6937178532282512,
        0.6935956915219624,
        0.704429296652476,
        0.6763711929321289,
        0.7564833641052247,
        0.8693355560302735,
        0.9883228739102682,
        0.8284396568934123,
        0.9644896984100342,
        0.9451992352803548,
        1.0060825904210409,
        0.8450169165929159,
        0.7736438910166422,
        0.8167354623476665,
        1.0294621189435322,
        0.8452166597048442,
        1.0352782368659974,
        0.89413822889328,
        0.8233428875605265,
        0.8102224191029866,
        0.9596759676933289
    ],
    "test_acc": [
        49.791666666666664,
        49.791666666666664,
        49.791666666666664,
        49.791666666666664,
        49.791666666666664,
        98.125,
        92.39583333333333,
        49.791666666666664,
        66.875,
        49.895833333333336,
        72.29166666666667,
        59.791666666666664,
        49.791666666666664,
        49.791666666666664,
        50.3125,
        49.791666666666664,
        40.729166666666664,
        49.791666666666664,
        54.166666666666664,
        49.791666666666664,
        59.166666666666664
    ],
    "spikes": [
        11.154166666666667,
        43.725,
        100.61145833333333,
        145.86354166666666,
        238.52916666666667,
        313.175,
        342.4458333333333,
        361.6927083333333,
        366.840625,
        372.51354166666664,
        376.628125,
        373.784375,
        381.440625,
        387.7395833333333,
        384.5375,
        385.95520833333336,
        386.52916666666664,
        388.4114583333333,
        390.978125,
        392.521875,
        389.38854166666664
    ]
}