{
    "train_loss": [
        0.5478301187676768,
        0.35346627427685645,
        0.21285068916697655,
        0.12300405218716591,
        0.07630655373777112,
        0.05314292097764631,
        0.04199351688786861,
        0.03537014252956836,
        0.03198018803771946,
        0.02945667364063763,
        0.02830024470665282,
        0.02557045201801004,
        0.02620704348138984,
        0.02573656749671265,
        0.02606804683173616,
        0.02605793378766506
    ],
    "train_acc": [
        91.65826612903226,
        99.5211693548387,
        99.5211693548387,
        99.5211693548387,
        99.5211693548387,
        99.5211693548387,
        99.5211693548387,
        99.5211693548387,
        99.5211693548387,
        99.5211693548387,
        99.5211693548387,
        99.54637096774194,
        99.5211693548387,
        99.5211693548387,
        99.5211693548387,
        99.5211693548387
    ],
    "test_loss": [
        0.7428733229637146,
        1.0183097918828328,
        1.3562503417332967,
        1.7352319876352946,
        2.023046604792277,
        2.3529330492019653,
        2.4100555419921874,
        2.5997135162353517,
        2.7074236551920574,
        3.079239543279012,
        3.1519509156545005,
        3.203318436940511,
        3.1002350489298505,
        3.0138391494750976,
        3.0694390137990317,
        3.6228434562683107
    ],
    "test_acc": [
        50.208333333333336,
        50.208333333333336,
        50.208333333333336,
        50.208333333333336,
        50.208333333333336,
        50.208333333333336,
        50.208333333333336,
        50.208333333333336,
        50.208333333333336,
        50.208333333333336,
        50.208333333333336,
        50.208333333333336,
        50.208333333333336,
        50.208333333333336,
        50.208333333333336,
        50.208333333333336
    ]
}