{
    "train_loss": [
        0.5744511667759188,
        0.4145499285190336,
        0.2866226614963624,
        0.1870261142330785,
        0.11838193706447078,
        0.08122093116323795,
        0.0635320233000863,
        0.05277447835091622,
        0.048142283373782714,
        0.04396826799418176,
        0.04209448945438189,
        0.041265212675376285,
        0.038973518301762884,
        0.038374136066845345,
        0.03825667719807355,
        0.0369492134665169,
        0.03712333563805347,
        0.03824255680815587,
        0.03716119091146656
    ],
    "train_acc": [
        88.70967741935483,
        99.16834677419355,
        99.14314516129032,
        99.14314516129032,
        99.14314516129032,
        99.16834677419355,
        99.14314516129032,
        99.16834677419355,
        99.14314516129032,
        99.16834677419355,
        99.14314516129032,
        99.14314516129032,
        99.14314516129032,
        99.16834677419355,
        99.16834677419355,
        99.16834677419355,
        99.16834677419355,
        99.14314516129032,
        99.14314516129032
    ],
    "test_loss": [
        0.5927661021550497,
        0.5208611587683359,
        0.4417669137318929,
        0.381427001953125,
        0.3369124968846639,
        0.29114911556243894,
        0.2456280122200648,
        0.285041152437528,
        0.208439701795578,
        0.23045506278673808,
        0.21582624018192292,
        0.1746294726928075,
        0.1339605395992597,
        0.15155281871557236,
        0.17469580272833507,
        0.11797905613978704,
        0.11739541937907537,
        0.10885054369767506,
        0.10039509038130442
    ],
    "test_acc": [
        98.75,
        98.64583333333333,
        99.0625,
        99.16666666666667,
        99.16666666666667,
        99.0625,
        99.0625,
        98.64583333333333,
        99.0625,
        99.0625,
        99.0625,
        99.0625,
        99.0625,
        99.0625,
        99.0625,
        99.0625,
        99.0625,
        99.0625,
        99.0625
    ]
}