repetition,mode,delta,best_test_accuracy,final_train_loss,final_test_loss,final_avg_spikes,layer4_linearity_spike_count,internal_metrics
7,expansive_delta_-1.5,-1.5,98.75,0.04085566083930673,0.4195098797480265,457.7114583333333,0.9826388888888888,"{'layer1_rate_mean': 0.49604167143503824, 'layer1_sparsity_mean': 0.5039583285649617, 'layer2_rate_mean': 0.31795573433240254, 'layer2_sparsity_mean': 0.682044251759847, 'layer3_rate_mean': 0.29195313254992167, 'layer3_sparsity_mean': 0.7080468614896138, 'layer4_rate_mean': 0.15885416865348817, 'layer4_sparsity_mean': 0.8411458253860473}"
7,tough_delta_2.0,2.0,50.208333333333336,0.03173835917315897,1.2104626337687174,229.07916666666668,0.5034722222222222,"{'layer1_rate_mean': 0.17812500794728597, 'layer1_sparsity_mean': 0.821874984105428, 'layer2_rate_mean': 0.10930664092302322, 'layer2_sparsity_mean': 0.8906933625539144, 'layer3_rate_mean': 0.0768359382947286, 'layer3_sparsity_mean': 0.9231640696525574, 'layer4_rate_mean': 0.10000000149011612, 'layer4_sparsity_mean': 0.8999999761581421}"
7,dissipative_delta_10.0,10.0,95.52083333333333,0.02723663851183148,0.5872044702370961,325.16770833333334,0.9548611111111112,"{'layer1_rate_mean': 0.2783007899920146, 'layer1_sparsity_mean': 0.7216992100079854, 'layer2_rate_mean': 0.3595442771911621, 'layer2_sparsity_mean': 0.6404557188351949, 'layer3_rate_mean': 0.4526204486687978, 'layer3_sparsity_mean': 0.5473795572916667, 'layer4_rate_mean': 0.04656250104308128, 'layer4_sparsity_mean': 0.9534374992052714}"
