{
    "train_loss": [
        0.6720170311389431,
        0.5106941783620466,
        0.39071392388113085,
        0.2718359352119507,
        0.20925313955353153,
        0.1963470210471461,
        0.18372616556382948,
        0.17648424376403132,
        0.1742069420795287,
        0.1718126499364453,
        0.16898283602729922,
        0.16748545030432363,
        0.16824852771336032,
        0.16804003403071435,
        0.16412137304582902,
        0.1660853621940459,
        0.16390107307703264,
        0.16073237888274655,
        0.1581617221236229,
        0.152919456122383,
        0.14020628734461724,
        0.12323350627576152,
        0.08938584170274196,
        0.05045453477050028,
        0.04166471106450884,
        0.03498645054717218,
        0.02903153771354306,
        0.0295391307332583,
        0.028920747121916182,
        0.027959963126528646,
        0.023715901902065642,
        0.026087903402625554,
        0.024981807489248532,
        0.028505854548946503,
        0.022388828212335225,
        0.027085915020096205,
        0.02201277411903345,
        0.019815788664404425,
        0.021499113303669277,
        0.024772030064806102,
        0.021313650984196894,
        0.02319843918761058,
        0.021279218918343466,
        0.02570837661398635,
        0.023143750904578594
    ],
    "train_acc": [
        50.100806451612904,
        65.9274193548387,
        99.44556451612904,
        99.44556451612904,
        99.47076612903226,
        99.44556451612904,
        99.44556451612904,
        99.44556451612904,
        99.47076612903226,
        99.44556451612904,
        99.47076612903226,
        99.44556451612904,
        99.44556451612904,
        99.44556451612904,
        99.49596774193549,
        99.44556451612904,
        99.42036290322581,
        99.44556451612904,
        99.44556451612904,
        99.47076612903226,
        99.49596774193549,
        99.39516129032258,
        99.44556451612904,
        99.42036290322581,
        99.47076612903226,
        99.44556451612904,
        99.44556451612904,
        99.44556451612904,
        99.44556451612904,
        99.44556451612904,
        99.49596774193549,
        99.47076612903226,
        99.47076612903226,
        99.44556451612904,
        99.49596774193549,
        99.44556451612904,
        99.44556451612904,
        99.54637096774194,
        99.42036290322581,
        99.49596774193549,
        99.47076612903226,
        99.44556451612904,
        99.44556451612904,
        99.47076612903226,
        99.44556451612904
    ],
    "test_loss": [
        0.7049122055371603,
        0.8130708376566569,
        0.8794504205385844,
        1.2053840478261313,
        1.2907415787378946,
        1.2996012210845946,
        1.3371259689331054,
        1.233741029103597,
        1.3148449579874675,
        1.573932655652364,
        1.291821304957072,
        1.166768527030945,
        0.7822376052538554,
        1.5515341838200887,
        0.8633269826571147,
        1.3969845056533814,
        1.5611911137898764,
        0.9672570506731669,
        1.0400102416674295,
        0.9415011644363404,
        0.440716807047526,
        0.555938716729482,
        0.9265528122584025,
        0.8304607470830282,
        0.5699119567871094,
        0.826915427049001,
        0.646718442440033,
        0.7275445977846782,
        0.7939769387245178,
        0.5717200756072998,
        0.5424555639425913,
        0.4854716459910075,
        0.5490335345268249,
        0.5450609803199769,
        0.6391998211542765,
        0.4370518167813619,
        0.46729600032170615,
        0.4787238637606303,
        0.5319242397944133,
        0.6529474933942159,
        0.539182190100352,
        0.5386250575383504,
        0.586431642373403,
        0.4712183932463328,
        0.5828523159027099
    ],
    "test_acc": [
        49.791666666666664,
        25.208333333333332,
        50.208333333333336,
        50.208333333333336,
        50.208333333333336,
        50.208333333333336,
        50.208333333333336,
        50.208333333333336,
        50.208333333333336,
        50.208333333333336,
        50.208333333333336,
        50.208333333333336,
        53.333333333333336,
        50.208333333333336,
        52.395833333333336,
        50.208333333333336,
        50.208333333333336,
        53.229166666666664,
        50.9375,
        52.708333333333336,
        97.1875,
        91.875,
        55.520833333333336,
        70.625,
        96.35416666666667,
        94.58333333333333,
        98.64583333333333,
        90.625,
        96.66666666666667,
        98.75,
        98.02083333333333,
        98.4375,
        85.72916666666667,
        97.91666666666667,
        95.20833333333333,
        98.4375,
        98.4375,
        98.64583333333333,
        98.02083333333333,
        90.9375,
        98.54166666666667,
        98.54166666666667,
        95.20833333333333,
        98.64583333333333,
        98.02083333333333
    ],
    "spikes": [
        193.215625,
        234.403125,
        280.45520833333336,
        315.3666666666667,
        324.49583333333334,
        345.3541666666667,
        354.98541666666665,
        361.8875,
        366.96770833333335,
        372.53541666666666,
        378.98333333333335,
        379.51145833333334,
        383.16875,
        391.03229166666665,
        394.9916666666667,
        399.2,
        407.0989583333333,
        412.06458333333336,
        416.6645833333333,
        425.16979166666664,
        437.4791666666667,
        447.65208333333334,
        470.8645833333333,
        480.1322916666667,
        490.8354166666667,
        493.378125,
        493.03020833333335,
        493.7375,
        496.06041666666664,
        503.3697916666667,
        504.4760416666667,
        506.6489583333333,
        501.81145833333335,
        506.1041666666667,
        503.69375,
        509.2427083333333,
        508.21979166666665,
        508.23229166666664,
        510.39166666666665,
        504.74375,
        509.94375,
        510.478125,
        505.115625,
        511.325,
        511.234375
    ]
}