{
    "train_loss": [
        0.5224565310824302,
        0.36674360354100505,
        0.24272398314168375,
        0.15401636965332494,
        0.10327719079871331,
        0.07580505834231453,
        0.060749078409806374,
        0.05306428776032502,
        0.047091184844893795,
        0.043940037203532074,
        0.04305418746005143,
        0.043049305136645996,
        0.04020908126427281,
        0.039672243408858776,
        0.03844589637892862,
        0.03970532970232589,
        0.03810331158550276,
        0.0387366832714648,
        0.037375014237759095,
        0.0380536210347688,
        0.03701206473183007,
        0.036592094295267615,
        0.03585897205067017,
        0.038071971593214377,
        0.037117795538037054,
        0.034904058234045104,
        0.034835370475306146,
        0.03459159808323508,
        0.036293176821463054,
        0.03579084338214729,
        0.03519592930622879,
        0.035338944650345275,
        0.0354034043097448
    ],
    "train_acc": [
        95.2116935483871,
        99.09274193548387,
        99.06754032258064,
        99.06754032258064,
        99.06754032258064,
        99.06754032258064,
        99.06754032258064,
        99.06754032258064,
        99.09274193548387,
        99.09274193548387,
        99.06754032258064,
        99.06754032258064,
        99.06754032258064,
        99.06754032258064,
        99.06754032258064,
        99.06754032258064,
        99.06754032258064,
        99.06754032258064,
        99.06754032258064,
        99.06754032258064,
        99.06754032258064,
        99.06754032258064,
        99.06754032258064,
        99.06754032258064,
        99.06754032258064,
        99.09274193548387,
        99.09274193548387,
        99.09274193548387,
        99.06754032258064,
        99.06754032258064,
        99.06754032258064,
        99.06754032258064,
        99.06754032258064
    ],
    "test_loss": [
        0.5976017475128174,
        0.518281610806783,
        0.49910958806673683,
        0.4436098913351695,
        0.44902937014897665,
        0.4575613856315613,
        0.5382001578807831,
        0.43841248552004497,
        0.4012489040692647,
        0.3678018589814504,
        0.3490628262360891,
        0.3096120516459147,
        0.33697906136512756,
        0.3417379001776377,
        0.4003034432729085,
        0.2803724269072215,
        0.17267206460237502,
        0.1487374280889829,
        0.6054951131343842,
        0.24341805378595988,
        0.22994100252787272,
        0.3216636925935745,
        0.44309555888175967,
        0.2146397352218628,
        0.16759471793969472,
        0.14628730763991674,
        0.20188724100589753,
        0.1676318183541298,
        0.17337140490611394,
        0.1268836552898089,
        0.16436283588409423,
        0.1757644201318423,
        0.1062981811662515
    ],
    "test_acc": [
        50.416666666666664,
        85.3125,
        50.833333333333336,
        66.5625,
        56.145833333333336,
        54.270833333333336,
        50.208333333333336,
        60.208333333333336,
        73.33333333333333,
        84.58333333333333,
        88.33333333333333,
        93.54166666666667,
        89.79166666666667,
        88.85416666666667,
        74.58333333333333,
        95.20833333333333,
        98.64583333333333,
        98.85416666666667,
        50.208333333333336,
        96.45833333333333,
        96.875,
        90.9375,
        66.04166666666667,
        96.97916666666667,
        98.4375,
        98.54166666666667,
        97.5,
        98.4375,
        98.4375,
        98.75,
        98.4375,
        98.125,
        98.85416666666667
    ]
}