repetition,mode,delta,best_test_accuracy,final_train_loss,final_test_loss,final_avg_spikes,layer4_linearity_spike_count,internal_metrics
5,expansive_delta_-1.5,-1.5,99.0625,0.039433403947060144,0.6131258090337117,525.2979166666667,0.9895833333333334,"{'layer1_rate_mean': 0.5088964978853862, 'layer1_sparsity_mean': 0.49110350211461384, 'layer2_rate_mean': 0.4314192791779836, 'layer2_sparsity_mean': 0.5685807148615519, 'layer3_rate_mean': 0.35810547272364296, 'layer3_sparsity_mean': 0.641894523302714, 'layer4_rate_mean': 0.08885416835546493, 'layer4_sparsity_mean': 0.911145830154419}"
5,tough_delta_2.0,2.0,49.791666666666664,0.03779571486126271,0.8008753339449565,308.8208333333333,0.5034722222222222,"{'layer1_rate_mean': 0.00937500037252903, 'layer1_sparsity_mean': 0.9906250238418579, 'layer2_rate_mean': 0.0, 'layer2_sparsity_mean': 1.0, 'layer3_rate_mean': 0.0, 'layer3_sparsity_mean': 1.0, 'layer4_rate_mean': 0.0, 'layer4_sparsity_mean': 1.0}"
5,dissipative_delta_10.0,10.0,49.791666666666664,0.03992104142784111,1.488706111907959,409.153125,0.5034722222222222,"{'layer1_rate_mean': 0.06251302237312, 'layer1_sparsity_mean': 0.937486986319224, 'layer2_rate_mean': 0.002490234406044086, 'layer2_sparsity_mean': 0.997509773572286, 'layer3_rate_mean': 0.0, 'layer3_sparsity_mean': 1.0, 'layer4_rate_mean': 0.0, 'layer4_sparsity_mean': 1.0}"
