{
    "train_loss": [
        0.693271541787732,
        0.6932582076518766,
        0.6932131340426784,
        0.6627464342501855,
        0.4960049289849497,
        0.2614485373900783,
        0.1270190078404642,
        0.10064951492653738,
        0.061013759173933535,
        0.03610595363763071,
        0.03380421308740493,
        0.03506495433318759,
        0.034172874417216066,
        0.03042033819421645,
        0.030344518705181057,
        0.025793137081388022,
        0.028728577894188704,
        0.026883572287436937,
        0.024403768677955434,
        0.025079893267473147,
        0.02450128723566811,
        0.025459981174208224,
        0.022701573591949718,
        0.027553590262428887,
        0.02384411269092872,
        0.025897961109876633,
        0.02212617298467986,
        0.020670313816217166,
        0.022378322026211647,
        0.023036630373568304,
        0.021322340022907744,
        0.019681333284449553,
        0.02405982462298726,
        0.020538928841556153
    ],
    "train_acc": [
        50.100806451612904,
        49.94959677419355,
        50.025201612903224,
        50.0,
        50.05040322580645,
        83.56854838709677,
        98.76512096774194,
        99.14314516129032,
        99.24395161290323,
        99.21875,
        99.26915322580645,
        99.24395161290323,
        99.16834677419355,
        99.21875,
        99.26915322580645,
        99.16834677419355,
        99.09274193548387,
        99.14314516129032,
        99.29435483870968,
        99.39516129032258,
        99.29435483870968,
        99.3195564516129,
        99.34475806451613,
        99.21875,
        99.24395161290323,
        99.3195564516129,
        99.26915322580645,
        99.24395161290323,
        99.26915322580645,
        99.24395161290323,
        99.3195564516129,
        99.29435483870968,
        99.21875,
        99.26915322580645
    ],
    "test_loss": [
        0.693315064907074,
        0.6932801524798076,
        0.6914510409037272,
        0.7212929169336955,
        0.857518462340037,
        1.0346705198287964,
        1.294337546825409,
        1.1975212494532268,
        1.1878084619839986,
        0.9492453654607137,
        0.7230924010276795,
        0.6798842310905456,
        0.7749147295951844,
        0.7335865934689839,
        0.7146515687306721,
        0.7541526834170024,
        0.7791361292203267,
        0.815703813234965,
        0.8745876351992289,
        0.7593646923700968,
        0.7340829968452454,
        0.7366445501645406,
        0.7067012111345927,
        0.6556021769841512,
        0.6902671456336975,
        0.7773110548655192,
        0.7230942606925964,
        0.7102493325869242,
        0.7628556609153747,
        0.6460003614425659,
        0.732506267229716,
        0.7383895476659139,
        0.7134494860967,
        0.8348159591356913
    ],
    "test_acc": [
        49.791666666666664,
        49.791666666666664,
        49.791666666666664,
        49.791666666666664,
        49.791666666666664,
        50.208333333333336,
        50.208333333333336,
        50.208333333333336,
        50.208333333333336,
        50.208333333333336,
        50.208333333333336,
        50.208333333333336,
        50.208333333333336,
        50.208333333333336,
        50.520833333333336,
        50.208333333333336,
        50.208333333333336,
        50.208333333333336,
        98.125,
        55.0,
        50.208333333333336,
        50.208333333333336,
        50.208333333333336,
        50.3125,
        50.208333333333336,
        53.125,
        65.625,
        65.10416666666667,
        50.520833333333336,
        50.208333333333336,
        50.208333333333336,
        50.208333333333336,
        50.208333333333336,
        50.208333333333336
    ],
    "spikes": [
        4.00625,
        21.675,
        53.43020833333333,
        100.08854166666667,
        143.384375,
        233.896875,
        255.77291666666667,
        287.996875,
        301.803125,
        306.30625,
        314.7604166666667,
        320.675,
        319.81458333333336,
        320.3,
        322.578125,
        322.34791666666666,
        321.0052083333333,
        321.43125,
        321.490625,
        322.48854166666666,
        323.6947916666667,
        323.86145833333336,
        323.96458333333334,
        322.571875,
        315.6666666666667,
        315.084375,
        314.9760416666667,
        315.18541666666664,
        316.15416666666664,
        322.4625,
        320.18958333333336,
        321.3822916666667,
        320.21979166666665,
        316.3875
    ]
}