{
    "train_loss": [
        0.6898261731670748,
        0.5801315293196709,
        0.4126087095468275,
        0.2902658591347356,
        0.21480470679460034,
        0.19054547649237416,
        0.1801742274434336,
        0.17574846215786472,
        0.1729402066238465,
        0.17130330325134338,
        0.17077292165448588,
        0.1713614103294188,
        0.16887058750275644,
        0.16808909057609497,
        0.1626215418500285,
        0.14438143084126134,
        0.1346938124587459,
        0.12150077437681536,
        0.0941352260208899,
        0.05796079286524365,
        0.04964309732519811,
        0.04180970163114609,
        0.04105188063676319,
        0.037537335463228724,
        0.037680988635627494,
        0.036521906048179634,
        0.03223070425672397,
        0.029471284724892147,
        0.03389877455699588
    ],
    "train_acc": [
        49.94959677419355,
        49.94959677419355,
        70.11088709677419,
        99.34475806451613,
        99.54637096774194,
        99.49596774193549,
        99.47076612903226,
        99.49596774193549,
        99.49596774193549,
        99.49596774193549,
        99.49596774193549,
        99.26915322580645,
        99.49596774193549,
        99.49596774193549,
        99.47076612903226,
        99.49596774193549,
        99.36995967741936,
        99.5211693548387,
        99.49596774193549,
        98.16028225806451,
        99.49596774193549,
        99.49596774193549,
        99.49596774193549,
        99.5211693548387,
        99.49596774193549,
        99.49596774193549,
        99.49596774193549,
        99.49596774193549,
        99.49596774193549
    ],
    "test_loss": [
        0.7032347559928894,
        0.7136059761047363,
        0.8098879377047221,
        0.9419113596280416,
        0.7658445596694946,
        1.2472851951917012,
        1.2967500766118367,
        1.2184486587842305,
        0.3440964420636495,
        0.4198695242404938,
        0.4819271683692932,
        1.4081960598627725,
        0.6151731888453166,
        0.4053386708100637,
        0.6751714746157328,
        0.4872108459472656,
        0.2181065062681834,
        0.2541514317194621,
        0.25815997620423636,
        0.4325613021850586,
        0.5062453985214234,
        0.31652676065762836,
        0.4163490831851959,
        0.3974119742711385,
        0.48908092776934303,
        0.36956420143445334,
        0.3880359947681427,
        0.4522180497646332,
        0.5763804872830709
    ],
    "test_acc": [
        49.791666666666664,
        49.791666666666664,
        52.916666666666664,
        80.625,
        98.95833333333333,
        54.479166666666664,
        50.9375,
        50.208333333333336,
        98.85416666666667,
        98.02083333333333,
        98.75,
        50.208333333333336,
        67.70833333333333,
        99.0625,
        98.85416666666667,
        98.85416666666667,
        70.52083333333333,
        86.14583333333333,
        49.791666666666664,
        49.791666666666664,
        49.791666666666664,
        49.895833333333336,
        49.791666666666664,
        49.791666666666664,
        49.791666666666664,
        49.791666666666664,
        49.791666666666664,
        49.791666666666664,
        49.791666666666664
    ],
    "spikes": [
        148.50833333333333,
        194.875,
        247.01666666666668,
        291.1927083333333,
        327.9625,
        347.3,
        361.95416666666665,
        380.4114583333333,
        388.29479166666664,
        390.91979166666664,
        399.140625,
        404.584375,
        403.26875,
        411.7625,
        414.3041666666667,
        414.76875,
        430.3364583333333,
        431.50104166666665,
        443.16041666666666,
        455.8208333333333,
        458.68541666666664,
        454.896875,
        459.5229166666667,
        465.3645833333333,
        476.07395833333334,
        480.903125,
        473.15416666666664,
        473.20416666666665,
        482.825
    ]
}