repetition,mode,delta,best_test_accuracy,final_train_loss,final_test_loss,final_avg_spikes,layer4_linearity_spike_count,internal_metrics
17,expansive_delta_-1.5,-1.5,97.70833333333333,0.0386591941238411,1.2470709800720214,509.54375,0.9722222222222222,"{'layer1_rate_mean': 0.5216276129086812, 'layer1_sparsity_mean': 0.47837238709131874, 'layer2_rate_mean': 0.3434277435143789, 'layer2_sparsity_mean': 0.6565722425778707, 'layer3_rate_mean': 0.24968099494775137, 'layer3_sparsity_mean': 0.7503190000851949, 'layer4_rate_mean': 0.05093750109275182, 'layer4_sparsity_mean': 0.9490625063578287}"
17,tough_delta_2.0,2.0,49.791666666666664,0.037640422785414324,0.909183673063914,275.0729166666667,0.5034722222222222,"{'layer1_rate_mean': 0.0062500000931322575, 'layer1_sparsity_mean': 0.9937499761581421, 'layer2_rate_mean': 0.0, 'layer2_sparsity_mean': 1.0, 'layer3_rate_mean': 0.0, 'layer3_sparsity_mean': 1.0, 'layer4_rate_mean': 0.0, 'layer4_sparsity_mean': 1.0}"
17,dissipative_delta_10.0,10.0,49.791666666666664,0.033077941403814384,1.6598956028620402,352.4291666666667,0.5034722222222222,"{'layer1_rate_mean': 0.05845377693573634, 'layer1_sparsity_mean': 0.9415462215741476, 'layer2_rate_mean': 0.008730468961099783, 'layer2_sparsity_mean': 0.9912695288658142, 'layer3_rate_mean': 0.0, 'layer3_sparsity_mean': 1.0, 'layer4_rate_mean': 0.0, 'layer4_sparsity_mean': 1.0}"
