{
    "train_loss": [
        0.6661060731257161,
        0.5355950661243931,
        0.4291992966205843,
        0.3049790301630574,
        0.23536772112692556,
        0.1970258379174817,
        0.18003726125724853,
        0.1711041492319876,
        0.16607452135893605,
        0.16541188234283077,
        0.1606076275629382,
        0.15849568358352106,
        0.16523016796958062,
        0.15966833839493413,
        0.15800868118962935,
        0.15701744176687732,
        0.15487837887579395,
        0.157105689327563,
        0.1582236811518669,
        0.16079738471777208,
        0.15748238900015432,
        0.16127432786649273
    ],
    "train_acc": [
        50.0,
        83.34173387096774,
        99.42036290322581,
        99.42036290322581,
        99.42036290322581,
        99.42036290322581,
        99.42036290322581,
        99.39516129032258,
        99.42036290322581,
        99.44556451612904,
        99.42036290322581,
        99.42036290322581,
        99.44556451612904,
        99.42036290322581,
        99.44556451612904,
        99.44556451612904,
        99.54637096774194,
        99.44556451612904,
        99.49596774193549,
        99.47076612903226,
        99.42036290322581,
        99.5211693548387
    ],
    "test_loss": [
        0.6887083490689595,
        0.682258951663971,
        0.801656707127889,
        0.6009955167770386,
        1.1414639790852865,
        0.6118296106656392,
        0.2713161915540695,
        0.4082904060681661,
        0.8339356342951457,
        0.345772260427475,
        0.20455384254455566,
        0.20319296518961588,
        0.4904889464378357,
        0.27117631733417513,
        0.2870177278916041,
        0.29310707847277323,
        0.39085105260213215,
        0.3293708006540934,
        0.4706725498040517,
        0.34217151403427126,
        0.2806092143058777,
        0.5781717816988627
    ],
    "test_acc": [
        49.791666666666664,
        96.04166666666667,
        50.208333333333336,
        53.020833333333336,
        50.208333333333336,
        53.020833333333336,
        98.4375,
        98.33333333333333,
        50.208333333333336,
        96.5625,
        98.33333333333333,
        98.4375,
        89.6875,
        98.22916666666667,
        97.70833333333333,
        97.91666666666667,
        97.08333333333333,
        98.33333333333333,
        92.91666666666667,
        98.4375,
        98.4375,
        70.41666666666667
    ],
    "spikes": [
        186.153125,
        215.79583333333332,
        254.825,
        301.47291666666666,
        338.62604166666665,
        363.07395833333334,
        373.678125,
        392.96875,
        394.12083333333334,
        402.83020833333336,
        411.46979166666665,
        418.31458333333336,
        415.32916666666665,
        419.95729166666666,
        425.709375,
        432.08125,
        438.640625,
        443.96979166666665,
        444.346875,
        449.46770833333335,
        452.54895833333336,
        455.20520833333336
    ]
}