{
    "train_loss": [
        0.700230170642176,
        0.6987284296943296,
        0.6939684700581336,
        0.6563347145434348,
        0.5560792093315432,
        0.3849561853754905,
        0.181886768989986,
        0.07038351665100744,
        0.04763077020705227,
        0.03671000970737828,
        0.032725246059858513,
        0.03670774479847281,
        0.029812841773814252,
        0.0342688568935339,
        0.029209528133393295,
        0.02846789514015038,
        0.028167957894413943,
        0.03196910322613774,
        0.030110092675914208,
        0.03156776755161944,
        0.03339557321516857,
        0.02958436852185837,
        0.026897015801120187,
        0.03717182659273667,
        0.04200908779767492,
        0.03296830642577862,
        0.031095307451793022,
        0.030723311025799522,
        0.026357605471275747,
        0.03239566880473567,
        0.033133298372699606,
        0.027631311189203013,
        0.03205835064046926,
        0.03582854166386589,
        0.030070734751080314,
        0.025535495643834432,
        0.030160374777962365,
        0.026088560364329286,
        0.02815302775707096,
        0.02613266210462297
    ],
    "train_acc": [
        50.07560483870968,
        50.05040322580645,
        50.025201612903224,
        50.025201612903224,
        50.0,
        50.453629032258064,
        94.6320564516129,
        99.29435483870968,
        99.29435483870968,
        99.29435483870968,
        99.36995967741936,
        99.34475806451613,
        99.24395161290323,
        99.1179435483871,
        99.3195564516129,
        99.34475806451613,
        99.16834677419355,
        98.96673387096774,
        99.26915322580645,
        99.19354838709677,
        99.21875,
        99.3195564516129,
        99.36995967741936,
        99.21875,
        99.01713709677419,
        99.34475806451613,
        99.3195564516129,
        99.36995967741936,
        99.34475806451613,
        99.36995967741936,
        99.39516129032258,
        99.14314516129032,
        99.3195564516129,
        99.34475806451613,
        99.36995967741936,
        99.39516129032258,
        99.34475806451613,
        99.34475806451613,
        99.3195564516129,
        99.42036290322581
    ],
    "test_loss": [
        0.7000014861424764,
        0.6985387802124023,
        0.6822207649548848,
        0.7673068881034851,
        0.8500032742818197,
        0.959324316183726,
        1.166551450888316,
        1.343776853879293,
        1.1802452087402344,
        1.115870972474416,
        1.0340744058291118,
        0.8685578346252442,
        0.8664207299550374,
        0.82837895154953,
        0.867774514357249,
        0.9777697126070658,
        0.9259523550669352,
        1.008811593055725,
        0.9758551796277364,
        0.77432199716568,
        0.7536379297574362,
        1.3019376198450725,
        1.284253724416097,
        0.9995473663012187,
        0.7099721630414327,
        0.713726544380188,
        0.6230101148287456,
        0.7447336792945862,
        0.6782642205556234,
        1.194766608874003,
        0.9983187238375346,
        0.9180289944012959,
        1.1988619128863016,
        0.884598990281423,
        1.0030134836832683,
        0.8900452733039856,
        1.0154131094614665,
        0.9973573128382365,
        1.003366804122925,
        1.0149130384127298
    ],
    "test_acc": [
        49.791666666666664,
        49.791666666666664,
        49.791666666666664,
        49.791666666666664,
        49.791666666666664,
        49.895833333333336,
        50.208333333333336,
        50.208333333333336,
        50.208333333333336,
        50.208333333333336,
        50.208333333333336,
        96.77083333333333,
        50.208333333333336,
        98.125,
        50.208333333333336,
        50.208333333333336,
        50.208333333333336,
        50.208333333333336,
        50.208333333333336,
        50.208333333333336,
        67.60416666666667,
        50.208333333333336,
        50.208333333333336,
        50.208333333333336,
        98.54166666666667,
        98.22916666666667,
        31.770833333333332,
        96.875,
        50.208333333333336,
        50.208333333333336,
        53.541666666666664,
        65.10416666666667,
        50.208333333333336,
        78.95833333333333,
        50.208333333333336,
        56.5625,
        50.208333333333336,
        50.208333333333336,
        50.416666666666664,
        50.208333333333336
    ],
    "spikes": [
        5.932291666666667,
        28.829166666666666,
        62.67916666666667,
        71.10208333333334,
        96.80208333333333,
        132.51770833333333,
        191.36979166666666,
        225.75,
        239.92291666666668,
        243.22395833333334,
        245.14166666666668,
        245.4625,
        247.70833333333334,
        245.15416666666667,
        247.94375,
        255.715625,
        257.41875,
        253.73333333333332,
        256.34270833333335,
        242.28229166666668,
        241.090625,
        251.64791666666667,
        251.74583333333334,
        244.81354166666668,
        230.278125,
        234.89166666666668,
        236.58541666666667,
        239.328125,
        240.08958333333334,
        234.91354166666667,
        231.51458333333332,
        233.35625,
        228.5125,
        227.54895833333333,
        225.8625,
        235.15833333333333,
        231.46875,
        237.621875,
        237.98020833333334,
        240.46145833333333
    ]
}