repetition,mode,delta,best_test_accuracy,final_train_loss,final_test_loss,final_avg_spikes,layer4_linearity_spike_count,internal_metrics
12,expansive_delta_-1.5,-1.5,98.95833333333333,0.024243030494319334,0.4756770352522532,516.2885416666667,0.9930555555555556,"{'layer1_rate_mean': 0.524973972638448, 'layer1_sparsity_mean': 0.4750260273615519, 'layer2_rate_mean': 0.41513998111089073, 'layer2_sparsity_mean': 0.5848600109418233, 'layer3_rate_mean': 0.36435222029685976, 'layer3_sparsity_mean': 0.6356477737426758, 'layer4_rate_mean': 0.15875000258286795, 'layer4_sparsity_mean': 0.8412499944368999}"
12,tough_delta_2.0,2.0,49.791666666666664,0.023951094635131377,0.6965325037638347,299.778125,0.5034722222222222,"{'layer1_rate_mean': 0.023665364955862363, 'layer1_sparsity_mean': 0.9763346314430237, 'layer2_rate_mean': 0.0, 'layer2_sparsity_mean': 1.0, 'layer3_rate_mean': 0.0, 'layer3_sparsity_mean': 1.0, 'layer4_rate_mean': 0.0, 'layer4_sparsity_mean': 1.0}"
12,dissipative_delta_10.0,10.0,98.125,0.022242228109990398,0.9596759676933289,389.38854166666664,0.9861111111111112,"{'layer1_rate_mean': 0.35560222069422404, 'layer1_sparsity_mean': 0.6443977753321329, 'layer2_rate_mean': 0.34234049717585247, 'layer2_sparsity_mean': 0.6576594988505046, 'layer3_rate_mean': 0.2791080812613169, 'layer3_sparsity_mean': 0.7208919088045757, 'layer4_rate_mean': 0.05187500044703484, 'layer4_sparsity_mean': 0.9481250007947286}"
