{
    "train_loss": [
        0.6024467195233991,
        0.4375966835406519,
        0.2976705013744293,
        0.18859319869549043,
        0.12043806934548963,
        0.08313503585034801,
        0.06389202045336846,
        0.05406090683273731,
        0.04739049095059595,
        0.04405326384209817,
        0.04140658245512074,
        0.03925498170898326,
        0.03889138579008079,
        0.03967562176647686,
        0.03705002853436576,
        0.03689040525275613
    ],
    "train_acc": [
        87.34879032258064,
        99.16834677419355,
        99.19354838709677,
        99.16834677419355,
        99.19354838709677,
        99.16834677419355,
        99.16834677419355,
        99.16834677419355,
        99.16834677419355,
        99.16834677419355,
        99.16834677419355,
        99.19354838709677,
        99.16834677419355,
        99.16834677419355,
        99.19354838709677,
        99.19354838709677
    ],
    "test_loss": [
        0.6891385436058044,
        0.773815906047821,
        0.8462869962056477,
        1.0500577807426452,
        1.3135236024856567,
        1.4014340162277221,
        1.6218447844187418,
        1.7473831017812094,
        1.7709017515182495,
        1.7364266633987426,
        2.030807058016459,
        1.593596601486206,
        2.113945746421814,
        2.0404643932978312,
        1.665655008951823,
        2.0064616044362387
    ],
    "test_acc": [
        50.208333333333336,
        50.208333333333336,
        50.208333333333336,
        50.208333333333336,
        50.208333333333336,
        50.208333333333336,
        50.208333333333336,
        50.208333333333336,
        50.208333333333336,
        50.208333333333336,
        50.208333333333336,
        50.208333333333336,
        50.208333333333336,
        50.208333333333336,
        50.208333333333336,
        50.208333333333336
    ]
}