run_id,agent_type,mode_name,delta_value,avg_reward_last_100_ep,max_reward_achieved,avg_spikes_last_100_ep,total_training_time_sec,solved_at_episode,total_episodes_trained
28,ANN,ANN_Baseline,,132.66,500.0,0.0,147.34425258636475,-1,800
28,SNN,SNN_Dissipative,10.0,402.38,500.0,20093.932463679983,1650.4395837783813,-1,800
28,SNN,SNN_Expansive,-1.5,370.73,500.0,50776.79796959068,1401.3376998901367,-1,800
28,SNN,SNN_Tough,2.5,442.3,500.0,23985.57465451112,1022.9719619750977,-1,800
