{
    "train_loss": [
        0.7368848496867765,
        0.7318032749237553,
        0.7255126814688405,
        0.6733472837555793,
        0.5386136606816323,
        0.4816569330230836,
        0.4137482441240741,
        0.32755249979034545,
        0.25131989054141507,
        0.12120351192331122,
        0.04156342075176297,
        0.03715535929246295,
        0.03567923392139135,
        0.033887382153601896,
        0.03436796994309031,
        0.033374101036198194
    ],
    "train_acc": [
        50.0,
        50.05040322580645,
        49.94959677419355,
        50.176411290322584,
        50.025201612903224,
        49.974798387096776,
        50.07560483870968,
        49.92439516129032,
        50.05040322580645,
        94.6320564516129,
        99.44556451612904,
        99.44556451612904,
        99.44556451612904,
        99.44556451612904,
        99.44556451612904,
        99.44556451612904
    ],
    "test_loss": [
        0.7328883131345113,
        0.7280164281527202,
        0.6937991261482239,
        0.8003931403160095,
        0.9688284715016683,
        1.1752255439758301,
        1.5479955991109213,
        1.8962049245834351,
        1.3737250725428263,
        0.9083734234174092,
        1.1994697093963622,
        1.1849073092142741,
        1.1352652112642925,
        0.9604693412780761,
        0.8186283349990845,
        0.9339823047320048
    ],
    "test_acc": [
        49.791666666666664,
        49.791666666666664,
        49.791666666666664,
        49.791666666666664,
        49.791666666666664,
        49.791666666666664,
        49.791666666666664,
        49.791666666666664,
        49.791666666666664,
        49.791666666666664,
        49.791666666666664,
        49.791666666666664,
        49.791666666666664,
        49.791666666666664,
        49.791666666666664,
        49.791666666666664
    ],
    "spikes": [
        7.0,
        33.73020833333333,
        73.24375,
        125.28541666666666,
        125.71875,
        139.45,
        139.63229166666667,
        156.69375,
        160.44895833333334,
        247.53645833333334,
        276.83958333333334,
        280.21770833333335,
        280.996875,
        284.1645833333333,
        283.85520833333334,
        286.10833333333335
    ]
}