{
    "train_loss": [
        0.5869282070667513,
        0.43253846851087385,
        0.2916517144730014,
        0.1780203773129371,
        0.10807581786667148,
        0.07189777523519532,
        0.05256640472479405,
        0.04248112004490629,
        0.036951386279636816,
        0.03293795727433697,
        0.03116290392954984,
        0.029303294140845537,
        0.027672726991436174,
        0.027687279650220466,
        0.027553969919080695,
        0.02756716500246717,
        0.026282930543886557,
        0.027018430177122355,
        0.026830707684219364,
        0.02731500719974358,
        0.025217457460389742,
        0.02628393490768729,
        0.027236438529085246,
        0.02782705659046769,
        0.02681719732185405,
        0.026168207281209048,
        0.027235578873284882,
        0.026331400070639867,
        0.026748557304663044,
        0.02580197824300417,
        0.027057887734695068,
        0.026184018156791646,
        0.026494630308250985,
        0.024308972240936373,
        0.027188896280412954,
        0.02672168521976639,
        0.026551847515117015,
        0.02704034895530992,
        0.027942516964920346,
        0.026336010372746858,
        0.027989286617676336,
        0.02539890635788681,
        0.02730708969231214,
        0.02617316987861188,
        0.026523243500700882,
        0.027067583993137363,
        0.02649629046960223,
        0.02670163787420719,
        0.026163761774378437,
        0.02621051464455142
    ],
    "train_acc": [
        91.96068548387096,
        99.47076612903226,
        99.47076612903226,
        99.47076612903226,
        99.47076612903226,
        99.47076612903226,
        99.47076612903226,
        99.47076612903226,
        99.47076612903226,
        99.47076612903226,
        99.47076612903226,
        99.47076612903226,
        99.49596774193549,
        99.47076612903226,
        99.47076612903226,
        99.47076612903226,
        99.49596774193549,
        99.47076612903226,
        99.47076612903226,
        99.47076612903226,
        99.49596774193549,
        99.47076612903226,
        99.47076612903226,
        99.47076612903226,
        99.47076612903226,
        99.47076612903226,
        99.47076612903226,
        99.47076612903226,
        99.47076612903226,
        99.49596774193549,
        99.47076612903226,
        99.47076612903226,
        99.47076612903226,
        99.5211693548387,
        99.47076612903226,
        99.47076612903226,
        99.47076612903226,
        99.47076612903226,
        99.47076612903226,
        99.47076612903226,
        99.47076612903226,
        99.49596774193549,
        99.47076612903226,
        99.47076612903226,
        99.47076612903226,
        99.47076612903226,
        99.47076612903226,
        99.47076612903226,
        99.47076612903226,
        99.47076612903226
    ],
    "test_loss": [
        0.6510449091593424,
        0.6144529422124226,
        0.5431711355845134,
        0.5087242643038432,
        0.44768858750661217,
        0.542235674460729,
        0.46161269942919414,
        0.4402533233165741,
        0.384055761496226,
        0.4362329065799713,
        0.3715154906113943,
        0.46907437642415367,
        0.31166967848936716,
        0.46559314529101054,
        0.3197731077671051,
        0.3419076462586721,
        0.266683296362559,
        0.6656877756118774,
        0.3300787150859833,
        0.3554982562859853,
        0.3657617747783661,
        0.19240168035030364,
        0.37549588282903035,
        0.3603752394517263,
        0.3752356092135111,
        0.3526372651259104,
        0.3351895908514659,
        0.41094688773155214,
        0.1963625450929006,
        0.21919332146644593,
        0.43401740193367006,
        0.23810592989126841,
        0.26760029097398125,
        0.23686932226022084,
        0.15792445540428163,
        0.5612589279810588,
        0.3662350018819173,
        0.24664943317572277,
        0.20348072548707327,
        0.31814287702242533,
        0.4365079621473948,
        0.4683105786641439,
        0.35212777853012084,
        0.21426567137241365,
        0.3456786851088206,
        0.1882965495189031,
        0.2761973440647125,
        0.23408995469411215,
        0.325789338350296,
        0.17668790618578592
    ],
    "test_acc": [
        50.208333333333336,
        50.208333333333336,
        50.208333333333336,
        50.208333333333336,
        68.75,
        50.208333333333336,
        54.583333333333336,
        60.9375,
        84.89583333333333,
        62.395833333333336,
        87.29166666666667,
        55.729166666666664,
        95.625,
        57.395833333333336,
        94.375,
        91.875,
        97.08333333333333,
        50.208333333333336,
        93.02083333333333,
        88.64583333333333,
        86.35416666666667,
        98.22916666666667,
        83.85416666666667,
        87.8125,
        84.0625,
        89.0625,
        91.875,
        72.1875,
        98.02083333333333,
        98.02083333333333,
        67.1875,
        97.39583333333333,
        96.77083333333333,
        97.29166666666667,
        98.33333333333333,
        50.208333333333336,
        86.25,
        97.08333333333333,
        98.02083333333333,
        93.75,
        67.29166666666667,
        61.145833333333336,
        88.95833333333333,
        98.02083333333333,
        90.0,
        98.02083333333333,
        96.14583333333333,
        97.29166666666667,
        92.60416666666667,
        98.22916666666667
    ]
}