{
    "train_loss": [
        0.7129320790690761,
        0.7053046226501465,
        0.689518278644931,
        0.6298494040966034,
        0.552957302620334,
        0.4024320999460836,
        0.18723773800076976,
        0.07670847801191191,
        0.04493634036231425,
        0.03903906574592956,
        0.04015899347441812,
        0.03914082143455744,
        0.037571996074890895,
        0.03487890744732032,
        0.03741422690631401,
        0.03308966127975333,
        0.029878392522673932,
        0.032757287950164846,
        0.032641770994110454,
        0.03142001074288161,
        0.031326517282474424,
        0.03376521923459105,
        0.03670021018103486,
        0.03666198258137991,
        0.03149766327002116,
        0.03074094199860889,
        0.030754058986091085,
        0.030347881425592686
    ],
    "train_acc": [
        50.05040322580645,
        49.94959677419355,
        49.974798387096776,
        50.12600806451613,
        50.0,
        79.88911290322581,
        98.21068548387096,
        98.41229838709677,
        99.19354838709677,
        99.1179435483871,
        99.29435483870968,
        99.26915322580645,
        99.29435483870968,
        99.29435483870968,
        99.24395161290323,
        99.44556451612904,
        99.29435483870968,
        99.26915322580645,
        99.24395161290323,
        99.21875,
        99.24395161290323,
        99.16834677419355,
        99.16834677419355,
        99.3195564516129,
        99.3195564516129,
        99.3195564516129,
        99.3195564516129,
        99.36995967741936
    ],
    "test_loss": [
        0.7121772805849711,
        0.6885151306788126,
        0.7307391325632732,
        0.8285851240158081,
        0.9740343570709229,
        1.0262134671211243,
        1.4344964822133381,
        1.299946665763855,
        1.0622743010520934,
        0.9329554915428162,
        0.7411763509114583,
        0.7602412899335226,
        0.9986205498377482,
        1.112988324960073,
        0.7768697142601013,
        0.815013567606608,
        1.1667479872703552,
        0.8863370974858602,
        1.0202461322148642,
        1.000907015800476,
        1.0177157441775004,
        1.1207678675651551,
        1.0259419798851013,
        1.1448209563891092,
        0.8900582035382588,
        0.9726621230443319,
        0.7782189607620239,
        0.5596840580304464
    ],
    "test_acc": [
        49.791666666666664,
        49.791666666666664,
        49.791666666666664,
        49.791666666666664,
        50.208333333333336,
        50.208333333333336,
        50.208333333333336,
        50.208333333333336,
        60.0,
        93.75,
        49.895833333333336,
        60.104166666666664,
        97.60416666666667,
        77.5,
        50.208333333333336,
        50.208333333333336,
        50.208333333333336,
        50.208333333333336,
        50.208333333333336,
        50.208333333333336,
        50.208333333333336,
        50.208333333333336,
        50.208333333333336,
        50.208333333333336,
        50.208333333333336,
        50.208333333333336,
        50.208333333333336,
        50.208333333333336
    ],
    "spikes": [
        18.666666666666668,
        93.32083333333334,
        119.984375,
        133.2875,
        159.86458333333334,
        229.85208333333333,
        320.053125,
        353.23541666666665,
        364.6354166666667,
        372.953125,
        376.98125,
        375.828125,
        379.95520833333336,
        381.8208333333333,
        383.47083333333336,
        383.94895833333334,
        387.89166666666665,
        390.06354166666665,
        390.9302083333333,
        393.6,
        396.215625,
        394.65416666666664,
        389.31041666666664,
        385.03020833333335,
        389.4427083333333,
        386.5,
        386.29791666666665,
        383.76666666666665
    ]
}