repetition,mode,delta,best_test_accuracy,final_train_loss,final_test_loss,final_avg_spikes,layer4_linearity_spike_count,internal_metrics
1,expansive_delta_-1.5,-1.5,99.0625,0.02750889516826118,0.44883776307106016,488.9375,0.9756944444444444,"{'layer1_rate_mean': 0.5476823051770529, 'layer1_sparsity_mean': 0.4523176948229472, 'layer2_rate_mean': 0.4220800817012787, 'layer2_sparsity_mean': 0.5779199163118999, 'layer3_rate_mean': 0.42054362495740255, 'layer3_sparsity_mean': 0.579456377029419, 'layer4_rate_mean': 0.19593750238418578, 'layer4_sparsity_mean': 0.8040625015894572}"
1,tough_delta_2.0,2.0,98.95833333333333,0.023715110920039157,0.6161256074905396,240.90625,0.9756944444444444,"{'layer1_rate_mean': 0.22672851781050365, 'layer1_sparsity_mean': 0.7732714811960856, 'layer2_rate_mean': 0.28080078959465027, 'layer2_sparsity_mean': 0.7191992084185282, 'layer3_rate_mean': 0.26911133925120034, 'layer3_sparsity_mean': 0.7308886528015137, 'layer4_rate_mean': 0.17656250397364298, 'layer4_sparsity_mean': 0.823437507947286}"
1,dissipative_delta_10.0,10.0,53.541666666666664,0.02913547913363624,1.5855559905370076,344.73125,0.9756944444444444,"{'layer1_rate_mean': 0.3137955745061239, 'layer1_sparsity_mean': 0.6862044135729471, 'layer2_rate_mean': 0.35044596989949545, 'layer2_sparsity_mean': 0.6495540181795756, 'layer3_rate_mean': 0.3648372451464335, 'layer3_sparsity_mean': 0.6351627429326375, 'layer4_rate_mean': 0.35479167103767395, 'layer4_sparsity_mean': 0.6452083230018616}"
