{
    "train_loss": [
        0.6996173108777692,
        0.6981999230000281,
        0.6978396196519175,
        0.6695087052160694,
        0.5836516988854255,
        0.4647586287990693,
        0.35991577347440107,
        0.2920494067572778,
        0.180028923216366,
        0.07672036246907327,
        0.05710910837496481,
        0.04400850360792491,
        0.04301557194201216,
        0.03547010411538424,
        0.03068426439178086,
        0.031973975109717535,
        0.031056667663036816,
        0.030278483300559943,
        0.030851057212379192,
        0.02941104211664248
    ],
    "train_acc": [
        50.05040322580645,
        50.07560483870968,
        49.974798387096776,
        49.974798387096776,
        50.90725806451613,
        90.70060483870968,
        99.49596774193549,
        99.06754032258064,
        99.5211693548387,
        99.49596774193549,
        99.5211693548387,
        99.47076612903226,
        99.49596774193549,
        99.49596774193549,
        99.54637096774194,
        99.5211693548387,
        99.49596774193549,
        99.5211693548387,
        99.49596774193549,
        99.5211693548387
    ],
    "test_loss": [
        0.6993680238723755,
        0.6980658253033956,
        0.6946113546689351,
        0.7470645904541016,
        0.8390994270642599,
        1.0087052226066588,
        1.4469738403956096,
        1.6304421186447144,
        1.694100515047709,
        1.8021069526672364,
        1.598916737238566,
        1.6054173866907755,
        1.5314044237136841,
        1.7429126262664796,
        1.700430417060852,
        1.336410137017568,
        1.5714901606241862,
        1.5921947797139486,
        1.6849091450373332,
        1.6307373921076456
    ],
    "test_acc": [
        49.791666666666664,
        49.791666666666664,
        49.791666666666664,
        49.791666666666664,
        50.208333333333336,
        50.208333333333336,
        50.208333333333336,
        50.208333333333336,
        50.208333333333336,
        50.208333333333336,
        50.208333333333336,
        50.208333333333336,
        50.208333333333336,
        50.208333333333336,
        50.208333333333336,
        50.208333333333336,
        50.208333333333336,
        50.208333333333336,
        50.208333333333336,
        50.208333333333336
    ],
    "spikes": [
        0.00625,
        14.008333333333333,
        38.0,
        84.00729166666666,
        79.16354166666666,
        93.75625,
        122.171875,
        148.87604166666668,
        185.74375,
        212.69479166666667,
        224.309375,
        226.79479166666667,
        227.59791666666666,
        231.99583333333334,
        232.63541666666666,
        230.36354166666666,
        231.703125,
        234.85520833333334,
        232.046875,
        230.96666666666667
    ]
}