{
    "train_loss": [
        0.6984997516678225,
        0.6971612995670687,
        0.6894729944967455,
        0.6266952810748931,
        0.5207342986137636,
        0.30774666392995464,
        0.12245983017548438,
        0.07583808712661266,
        0.05108592836486717,
        0.041037332597038435,
        0.04135175797367288,
        0.037370328070415605,
        0.03797664771217012,
        0.04043310931733539,
        0.04074954320376198,
        0.037918007804922035,
        0.03642948325573196,
        0.038216507858446526,
        0.034344719632739024,
        0.03827915544952116
    ],
    "train_acc": [
        49.92439516129032,
        50.025201612903224,
        49.94959677419355,
        49.899193548387096,
        50.025201612903224,
        76.76411290322581,
        99.09274193548387,
        99.3195564516129,
        99.36995967741936,
        99.36995967741936,
        99.42036290322581,
        99.36995967741936,
        99.42036290322581,
        99.36995967741936,
        99.36995967741936,
        99.39516129032258,
        99.39516129032258,
        99.36995967741936,
        99.36995967741936,
        99.36995967741936
    ],
    "test_loss": [
        0.6980312665303549,
        0.6969574173291524,
        0.6978301366170248,
        0.743690566221873,
        0.9026259620984395,
        1.28241734902064,
        1.300619614124298,
        1.1145179828008016,
        1.2900771021842956,
        1.2717184583346048,
        1.3437673250834148,
        1.3419143994649252,
        1.6787068049112956,
        1.3432503938674927,
        1.2112818241119385,
        1.0582960367202758,
        1.1334078272183736,
        1.0333227117856343,
        1.2024822314580281,
        1.4641191164652507
    ],
    "test_acc": [
        49.791666666666664,
        49.791666666666664,
        49.791666666666664,
        49.791666666666664,
        80.10416666666667,
        50.208333333333336,
        50.208333333333336,
        50.208333333333336,
        50.208333333333336,
        50.208333333333336,
        50.208333333333336,
        50.208333333333336,
        50.208333333333336,
        50.208333333333336,
        50.208333333333336,
        50.208333333333336,
        50.208333333333336,
        50.208333333333336,
        50.208333333333336,
        50.208333333333336
    ],
    "spikes": [
        16.711458333333333,
        43.83645833333333,
        112.22083333333333,
        106.05520833333334,
        143.90104166666666,
        246.98854166666666,
        313.1166666666667,
        337.24791666666664,
        339.69166666666666,
        323.7395833333333,
        329.23541666666665,
        332.91770833333334,
        329.2,
        322.278125,
        323.23229166666664,
        324.384375,
        317.73229166666664,
        312.41875,
        305.10729166666664,
        318.528125
    ]
}