{
    "train_loss": [
        0.6949848926836445,
        0.6944358723778878,
        0.6941118807561936,
        0.6938579380512238,
        0.6523590453209416,
        0.4787838242707714,
        0.22204895005110772,
        0.07613162498079962,
        0.04834891663443658,
        0.0448162630651026,
        0.042930594209821954,
        0.04124139217780002,
        0.040927904838275526,
        0.04176906023114439,
        0.03991012522319873,
        0.039092581133328135
    ],
    "train_acc": [
        50.025201612903224,
        49.974798387096776,
        50.025201612903224,
        50.07560483870968,
        50.025201612903224,
        50.025201612903224,
        67.2883064516129,
        99.3195564516129,
        99.34475806451613,
        99.3195564516129,
        99.3195564516129,
        99.34475806451613,
        99.3195564516129,
        99.3195564516129,
        99.3195564516129,
        99.3195564516129
    ],
    "test_loss": [
        0.6944563706715902,
        0.6940844575564067,
        0.6937835335731506,
        0.69498184521993,
        0.7127518773078918,
        0.9431673645973205,
        0.9500676035881043,
        1.0831592520078024,
        1.1067935546239218,
        1.1202793041865031,
        1.0516052802403768,
        0.9701956907908121,
        0.9827976187070211,
        1.167036533355713,
        1.0722386479377746,
        1.0593438704808553
    ],
    "test_acc": [
        49.791666666666664,
        49.791666666666664,
        49.791666666666664,
        49.791666666666664,
        49.791666666666664,
        49.791666666666664,
        49.791666666666664,
        49.791666666666664,
        49.791666666666664,
        49.791666666666664,
        49.791666666666664,
        49.791666666666664,
        49.791666666666664,
        49.791666666666664,
        49.791666666666664,
        49.791666666666664
    ],
    "spikes": [
        0.0,
        10.632291666666667,
        22.490625,
        47.05,
        78.41666666666667,
        119.959375,
        216.55729166666666,
        253.321875,
        266.08020833333336,
        267.94895833333334,
        270.0833333333333,
        271.38854166666664,
        270.37708333333336,
        268.70520833333336,
        269.178125,
        269.92604166666666
    ]
}