{
    "train_loss": [
        0.628821881548051,
        0.4837342260345336,
        0.35763759766855546,
        0.23718696039530537,
        0.14903080823921389,
        0.0933008962461064,
        0.06345474125156479,
        0.049144077355102185,
        0.04091125188936149,
        0.03665207822116152,
        0.03385186196875668,
        0.03209339629017537,
        0.03173289354890585,
        0.02967151888315716,
        0.029112901726377108,
        0.02841197895336776
    ],
    "train_acc": [
        81.90524193548387,
        99.42036290322581,
        99.39516129032258,
        99.39516129032258,
        99.39516129032258,
        99.39516129032258,
        99.39516129032258,
        99.39516129032258,
        99.39516129032258,
        99.39516129032258,
        99.39516129032258,
        99.39516129032258,
        99.39516129032258,
        99.39516129032258,
        99.39516129032258,
        99.39516129032258
    ],
    "test_loss": [
        0.6813180724779765,
        0.7020708719889323,
        0.7932772835095724,
        0.9309615612030029,
        1.149731981754303,
        1.3804745435714723,
        1.6205202420552571,
        1.7637115399042764,
        1.8124068101247153,
        2.1298747777938845,
        2.1111042340596518,
        2.028154754638672,
        2.3294506629308063,
        2.247061824798584,
        2.0050913731257123,
        2.4566965023676555
    ],
    "test_acc": [
        50.208333333333336,
        50.208333333333336,
        50.208333333333336,
        50.208333333333336,
        50.208333333333336,
        50.208333333333336,
        50.208333333333336,
        50.208333333333336,
        50.208333333333336,
        50.208333333333336,
        50.208333333333336,
        50.208333333333336,
        50.208333333333336,
        50.208333333333336,
        50.208333333333336,
        50.208333333333336
    ]
}