{
    "train_loss": [
        0.6999665748688483,
        0.6984138277269178,
        0.6955564175882647,
        0.6738668535986254,
        0.6016210807907966,
        0.5206965703156686,
        0.35531929591971056,
        0.13135221522421606,
        0.060296076109572765,
        0.05289930003064294,
        0.04646969732317713,
        0.042841167474586155,
        0.041670676455983234,
        0.04196413301472222,
        0.04221612246586911,
        0.04073652500406869,
        0.04075101705177898,
        0.03912529181088171,
        0.037120039672440576,
        0.03821255853249421,
        0.03951061548544995,
        0.0377420736251459,
        0.034812696127881924,
        0.03621923212983435,
        0.03429597085191598,
        0.034338640507250544,
        0.03439086966306692,
        0.03383900715608991,
        0.03426155106975667,
        0.035237257834523916,
        0.03212822145301728,
        0.03141192107972118,
        0.034542109779713136,
        0.03532231686967275,
        0.030282451605965054,
        0.03132457890728068,
        0.030806329781039348,
        0.030020442911453785,
        0.029184851232135007,
        0.03598520517229072,
        0.04211054325869848,
        0.031898339372879315,
        0.02918355647594698,
        0.028915378595552137
    ],
    "train_acc": [
        50.05040322580645,
        50.05040322580645,
        50.025201612903224,
        50.05040322580645,
        50.025201612903224,
        50.025201612903224,
        49.92439516129032,
        95.9929435483871,
        99.3195564516129,
        99.3195564516129,
        99.3195564516129,
        99.3195564516129,
        99.3195564516129,
        99.3195564516129,
        99.3195564516129,
        99.34475806451613,
        99.3195564516129,
        99.3195564516129,
        99.34475806451613,
        99.34475806451613,
        99.3195564516129,
        99.3195564516129,
        99.3195564516129,
        99.3195564516129,
        99.34475806451613,
        99.36995967741936,
        99.34475806451613,
        99.34475806451613,
        99.29435483870968,
        99.26915322580645,
        99.34475806451613,
        99.34475806451613,
        99.3195564516129,
        99.24395161290323,
        99.34475806451613,
        99.34475806451613,
        99.3195564516129,
        99.29435483870968,
        99.39516129032258,
        99.04233870967742,
        99.21875,
        99.26915322580645,
        99.26915322580645,
        99.29435483870968
    ],
    "test_loss": [
        0.6986002723375956,
        0.6968254764874776,
        0.7177765289942424,
        0.7087314089139303,
        0.7962657928466796,
        1.120316497484843,
        1.0031692306200664,
        1.1000219345092774,
        1.0444628596305847,
        0.9796516378720601,
        1.1070690552393596,
        0.8847774783770244,
        0.896659775575002,
        0.9121645967165629,
        0.8319515625635783,
        0.9954743107159932,
        0.9812259038289388,
        0.9985887567202251,
        0.9346693555514017,
        1.00555499792099,
        1.0105564594268799,
        0.9859103520711263,
        0.9697482109069824,
        0.9897005756696066,
        1.058713475863139,
        0.9960507909456889,
        0.9877059857050577,
        1.0284424463907877,
        0.9692464709281922,
        0.9887656132380168,
        0.9203704317410787,
        1.2690615892410277,
        1.2496268113454183,
        1.2137142896652222,
        1.1101470152537027,
        1.1819210290908813,
        1.2279322465260825,
        1.229275107383728,
        1.2348919312159221,
        1.3317133744557699,
        0.9601152499516805,
        1.3770182847976684,
        1.4453972975413005,
        1.4760106881459554
    ],
    "test_acc": [
        49.791666666666664,
        49.791666666666664,
        49.791666666666664,
        49.791666666666664,
        49.791666666666664,
        49.791666666666664,
        49.791666666666664,
        49.791666666666664,
        49.791666666666664,
        49.791666666666664,
        49.791666666666664,
        49.791666666666664,
        49.791666666666664,
        49.791666666666664,
        51.041666666666664,
        50.208333333333336,
        50.0,
        49.791666666666664,
        49.791666666666664,
        49.791666666666664,
        49.791666666666664,
        49.791666666666664,
        55.104166666666664,
        59.0625,
        51.5625,
        88.64583333333333,
        71.66666666666667,
        98.33333333333333,
        98.85416666666667,
        94.58333333333333,
        97.1875,
        70.52083333333333,
        62.604166666666664,
        50.416666666666664,
        50.3125,
        50.208333333333336,
        50.208333333333336,
        50.208333333333336,
        50.208333333333336,
        50.3125,
        97.5,
        50.416666666666664,
        50.208333333333336,
        50.208333333333336
    ],
    "spikes": [
        10.0,
        30.730208333333334,
        70.02604166666667,
        85.13020833333333,
        95.778125,
        112.24270833333334,
        197.92604166666666,
        282.58229166666666,
        304.86041666666665,
        315.20625,
        321.2427083333333,
        326.1822916666667,
        328.6177083333333,
        330.38854166666664,
        330.0395833333333,
        329.02916666666664,
        327.62291666666664,
        330.1875,
        330.3375,
        335.09375,
        327.7270833333333,
        325.1614583333333,
        326.71979166666665,
        326.3822916666667,
        325.34166666666664,
        323.74375,
        321.7760416666667,
        322.390625,
        321.25416666666666,
        321.07916666666665,
        318.82708333333335,
        315.01666666666665,
        317.18645833333335,
        313.27916666666664,
        320.8958333333333,
        321.79270833333334,
        324.065625,
        329.671875,
        329.628125,
        329.296875,
        322.3052083333333,
        315.10729166666664,
        315.64479166666666,
        318.1875
    ]
}