repetition,mode,delta,best_test_accuracy,final_train_loss,final_test_loss,final_avg_spikes,layer4_linearity_spike_count,internal_metrics
2,expansive_delta_-1.5,-1.5,79.27083333333333,0.09934087157730133,1.4432807922363282,457.7447916666667,0.7916666666666666,"{'layer1_rate_mean': 0.5058040539423625, 'layer1_sparsity_mean': 0.49419594605763756, 'layer2_rate_mean': 0.21576497753461202, 'layer2_sparsity_mean': 0.7842350323994954, 'layer3_rate_mean': 0.10105143388112386, 'layer3_sparsity_mean': 0.8989485700925192, 'layer4_rate_mean': 0.03177083370586236, 'layer4_sparsity_mean': 0.9682291626930237}"
2,tough_delta_2.0,2.0,49.791666666666664,0.03881262999118095,1.5614796559015909,254.5375,0.5034722222222222,"{'layer1_rate_mean': 0.009104817981521289, 'layer1_sparsity_mean': 0.9908951878547668, 'layer2_rate_mean': 0.0, 'layer2_sparsity_mean': 1.0, 'layer3_rate_mean': 0.0, 'layer3_sparsity_mean': 1.0, 'layer4_rate_mean': 0.0, 'layer4_sparsity_mean': 1.0}"
2,dissipative_delta_10.0,10.0,49.791666666666664,0.039281910255311,1.1785157521565754,323.815625,0.5034722222222222,"{'layer1_rate_mean': 0.02812500111758709, 'layer1_sparsity_mean': 0.971875011920929, 'layer2_rate_mean': 0.0, 'layer2_sparsity_mean': 1.0, 'layer3_rate_mean': 0.0, 'layer3_sparsity_mean': 1.0, 'layer4_rate_mean': 0.0, 'layer4_sparsity_mean': 1.0}"
