{
    "train_loss": [
        0.6565351976502326,
        0.5109685808420181,
        0.366528318293633,
        0.2544061140187325,
        0.20875926123511407,
        0.19606582507971795,
        0.18328159735087426,
        0.1791203548350642,
        0.1693232138791392,
        0.17340788629747206,
        0.1699059511865339,
        0.1660884885538009,
        0.16852240192313347,
        0.16534038777312926,
        0.1652126403585557,
        0.16210841483646823,
        0.1636464932272511,
        0.16419840820374026,
        0.1593800968220157,
        0.15894695804003747,
        0.16101023410597154,
        0.15781691237803427,
        0.1440595887120693,
        0.1456136528042055,
        0.13358028064812383,
        0.12115646249824955,
        0.10482727303620308,
        0.07920682874898757,
        0.057657828734767054,
        0.05022275949557943,
        0.03912826741655027,
        0.03468303992262771,
        0.04286125665830989,
        0.02919568902542514,
        0.030221344828004797,
        0.02620048893825902,
        0.025808607385824283,
        0.03561181556283226,
        0.028020165117097
    ],
    "train_acc": [
        50.0,
        54.91431451612903,
        97.93346774193549,
        99.14314516129032,
        99.16834677419355,
        99.1179435483871,
        99.19354838709677,
        99.19354838709677,
        99.3195564516129,
        99.09274193548387,
        99.21875,
        99.19354838709677,
        99.21875,
        99.26915322580645,
        98.99193548387096,
        99.14314516129032,
        99.06754032258064,
        99.16834677419355,
        99.39516129032258,
        99.24395161290323,
        99.24395161290323,
        99.14314516129032,
        99.1179435483871,
        99.16834677419355,
        99.39516129032258,
        99.21875,
        99.21875,
        99.09274193548387,
        99.16834677419355,
        99.24395161290323,
        99.26915322580645,
        99.16834677419355,
        99.14314516129032,
        99.14314516129032,
        99.16834677419355,
        99.14314516129032,
        99.14314516129032,
        99.14314516129032,
        99.16834677419355
    ],
    "test_loss": [
        0.6667783260345459,
        0.6367760062217712,
        0.552693764368693,
        0.529820849498113,
        0.5816840132077535,
        0.8289264241854349,
        0.7989550073941548,
        0.46153751413027444,
        0.741171129544576,
        0.3739517708619436,
        0.5389503836631775,
        0.4160813172658285,
        0.5568989117940267,
        0.33684902588526405,
        0.3526201049486796,
        0.32984437147776285,
        0.3465235511461894,
        0.47284771998723346,
        0.5633895953496297,
        0.28020426829655964,
        0.2698690543572108,
        0.2775020619233449,
        0.2876581887404124,
        0.24224373598893484,
        0.27711154421170553,
        0.35596469839413963,
        0.24926122923692068,
        0.7075472394625346,
        0.4299156566460927,
        0.162014240026474,
        0.13866842091083526,
        0.1670624077320099,
        0.14464547087748844,
        0.11561913192272186,
        0.11806198159853618,
        0.08832445417841275,
        0.14665864060322445,
        0.08799758056799571,
        0.07047843088706335
    ],
    "test_acc": [
        49.791666666666664,
        49.791666666666664,
        79.0625,
        93.02083333333333,
        97.39583333333333,
        52.083333333333336,
        58.125,
        88.95833333333333,
        72.70833333333333,
        98.75,
        98.125,
        91.45833333333333,
        54.583333333333336,
        96.14583333333333,
        98.125,
        98.54166666666667,
        98.85416666666667,
        70.0,
        61.875,
        93.02083333333333,
        98.64583333333333,
        96.45833333333333,
        97.91666666666667,
        98.95833333333333,
        82.91666666666667,
        61.875,
        93.75,
        49.791666666666664,
        69.16666666666667,
        88.54166666666667,
        98.54166666666667,
        98.22916666666667,
        80.625,
        98.85416666666667,
        98.75,
        98.85416666666667,
        98.95833333333333,
        98.75,
        98.54166666666667
    ],
    "spikes": [
        208.12291666666667,
        254.18854166666668,
        307.66979166666664,
        332.86354166666666,
        359.871875,
        371.32604166666664,
        384.96458333333334,
        396.6625,
        403.46770833333335,
        406.0541666666667,
        412.05833333333334,
        412.578125,
        420.1354166666667,
        420.54791666666665,
        419.7739583333333,
        420.4916666666667,
        426.878125,
        435.7760416666667,
        438.3875,
        438.5729166666667,
        445.73020833333334,
        460.41979166666664,
        463.0072916666667,
        464.04583333333335,
        468.49895833333335,
        470.7260416666667,
        494.95729166666666,
        502.00416666666666,
        515.96875,
        519.6958333333333,
        532.2979166666667,
        547.9145833333333,
        549.85625,
        551.359375,
        549.3385416666666,
        542.7479166666667,
        546.7885416666667,
        552.5239583333333,
        549.6572916666667
    ]
}