{
    "train_loss": [
        0.6567250874734694,
        0.5265091393263109,
        0.37536254332911584,
        0.30188847068817387,
        0.21828417047377555,
        0.1922557079984296,
        0.18207091141131618,
        0.17779721199504792,
        0.17473154947642358,
        0.17263090946981985,
        0.17364160572328874,
        0.17372173143009986,
        0.17338824945111428,
        0.17236408831611758,
        0.1703485214421826,
        0.1671573490865769,
        0.16643610716827453,
        0.15216964122749144,
        0.08528151062707748,
        0.054876801918350884,
        0.04061125789678866,
        0.03853868455776284,
        0.034331723627063535,
        0.0319772535153935,
        0.03116174317115257,
        0.03449119853546783,
        0.03091285726235759,
        0.029514061722664103,
        0.037170521096296365,
        0.027770103488658226,
        0.02796279125276112,
        0.032395699189134666,
        0.02750889516826118
    ],
    "train_acc": [
        49.92439516129032,
        61.265120967741936,
        99.34475806451613,
        99.3195564516129,
        99.34475806451613,
        99.3195564516129,
        99.34475806451613,
        99.3195564516129,
        99.3195564516129,
        99.3195564516129,
        99.3195564516129,
        99.3195564516129,
        99.3195564516129,
        99.3195564516129,
        99.29435483870968,
        99.16834677419355,
        99.49596774193549,
        99.3195564516129,
        99.3195564516129,
        99.3195564516129,
        99.3195564516129,
        99.34475806451613,
        99.3195564516129,
        99.3195564516129,
        99.3195564516129,
        99.3195564516129,
        99.34475806451613,
        99.3195564516129,
        99.3195564516129,
        99.3195564516129,
        99.34475806451613,
        99.36995967741936,
        99.34475806451613
    ],
    "test_loss": [
        0.6523379445075989,
        0.6021813948949178,
        0.5549324552218119,
        0.33322473963101706,
        0.34261157115300495,
        0.32506858706474306,
        0.43165051341056826,
        0.34918621778488157,
        0.31872480710347495,
        0.22527871628602344,
        0.33409578998883566,
        0.23579920927683512,
        0.23580259084701538,
        0.22123692731062572,
        0.2033110072215398,
        0.2050342231988907,
        0.3498657464981079,
        0.363337109486262,
        0.3019231299559275,
        0.30909953117370603,
        0.4116946121056875,
        0.4253352324167887,
        0.42636918822924297,
        0.3815730094909668,
        0.40756871104240416,
        0.40470428665479025,
        0.4111794908841451,
        0.44072652061780293,
        0.4863793234030406,
        0.45866547028223675,
        0.45832101901372274,
        0.46550918618837994,
        0.44883776307106016
    ],
    "test_acc": [
        49.791666666666664,
        49.791666666666664,
        98.95833333333333,
        98.95833333333333,
        98.95833333333333,
        98.95833333333333,
        63.645833333333336,
        97.8125,
        98.95833333333333,
        98.95833333333333,
        98.85416666666667,
        98.95833333333333,
        98.95833333333333,
        98.95833333333333,
        98.95833333333333,
        98.95833333333333,
        98.33333333333333,
        99.0625,
        98.95833333333333,
        98.95833333333333,
        63.645833333333336,
        66.45833333333333,
        93.33333333333333,
        95.52083333333333,
        88.64583333333333,
        98.95833333333333,
        94.375,
        88.125,
        49.791666666666664,
        61.25,
        85.625,
        62.5,
        94.375
    ],
    "spikes": [
        174.45,
        223.12708333333333,
        260.58229166666666,
        297.6322916666667,
        323.915625,
        344.7552083333333,
        350.48125,
        356.003125,
        358.7270833333333,
        382.3958333333333,
        384.1791666666667,
        388.08020833333336,
        397.81875,
        408.584375,
        415.20104166666664,
        422.8385416666667,
        426.584375,
        446.85729166666664,
        462.08125,
        473.015625,
        469.34479166666665,
        474.7114583333333,
        478.44895833333334,
        484.8645833333333,
        488.53541666666666,
        491.40416666666664,
        487.909375,
        488.0697916666667,
        494.6322916666667,
        492.91770833333334,
        487.4875,
        492.453125,
        488.9375
    ]
}