repetition,mode,delta,best_test_accuracy,final_train_loss,final_test_loss,final_avg_spikes,layer4_linearity_spike_count,internal_metrics
4,expansive_delta_-1.5,-1.5,98.95833333333333,0.02704228206177152,0.6454921126365661,536.453125,0.9861111111111112,"{'layer1_rate_mean': 0.5733463644981385, 'layer1_sparsity_mean': 0.4266536355018616, 'layer2_rate_mean': 0.4199251353740692, 'layer2_sparsity_mean': 0.5800748626391093, 'layer3_rate_mean': 0.4144075552622477, 'layer3_sparsity_mean': 0.5855924526850382, 'layer4_rate_mean': 0.17645833591620128, 'layer4_sparsity_mean': 0.8235416690508525}"
4,tough_delta_2.0,2.0,97.60416666666667,0.025574056033585823,0.6319355964660645,278.096875,0.9791666666666666,"{'layer1_rate_mean': 0.29160807728767396, 'layer1_sparsity_mean': 0.7083919246991476, 'layer2_rate_mean': 0.288470063606898, 'layer2_sparsity_mean': 0.7115299224853515, 'layer3_rate_mean': 0.2793164094289144, 'layer3_sparsity_mean': 0.7206835865974426, 'layer4_rate_mean': 0.14739583532015482, 'layer4_sparsity_mean': 0.8526041666666667}"
4,dissipative_delta_10.0,10.0,72.60416666666667,0.021991824626081413,0.9176235636075337,328.54479166666664,0.7291666666666666,"{'layer1_rate_mean': 0.24664713939030966, 'layer1_sparsity_mean': 0.7533528725306193, 'layer2_rate_mean': 0.1300390640894572, 'layer2_sparsity_mean': 0.8699609359105428, 'layer3_rate_mean': 0.05815755253036817, 'layer3_sparsity_mean': 0.9418424407641093, 'layer4_rate_mean': 0.02364583343733102, 'layer4_sparsity_mean': 0.976354165871938}"
