repetition,mode,delta,best_test_accuracy,final_train_loss,final_test_loss,final_avg_spikes,layer4_linearity_spike_count,internal_metrics
18,expansive_delta_-1.5,-1.5,99.0625,0.03389877455699588,0.5763804872830709,482.825,0.9895833333333334,"{'layer1_rate_mean': 0.45314128200213116, 'layer1_sparsity_mean': 0.5468587120374043, 'layer2_rate_mean': 0.45157227317492166, 'layer2_sparsity_mean': 0.5484277288118998, 'layer3_rate_mean': 0.3804524819056193, 'layer3_sparsity_mean': 0.6195475220680237, 'layer4_rate_mean': 0.05093750134110451, 'layer4_sparsity_mean': 0.9490624984105428}"
18,tough_delta_2.0,2.0,50.208333333333336,0.02941104211664248,1.6307373921076456,230.96666666666667,0.5034722222222222,"{'layer1_rate_mean': 0.11470377693573634, 'layer1_sparsity_mean': 0.8852962255477905, 'layer2_rate_mean': 0.08848632921775182, 'layer2_sparsity_mean': 0.9115136742591858, 'layer3_rate_mean': 0.0410709651807944, 'layer3_sparsity_mean': 0.9589290539423625, 'layer4_rate_mean': 0.10000000149011612, 'layer4_sparsity_mean': 0.8999999761581421}"
18,dissipative_delta_10.0,10.0,99.0625,0.028881566336138115,0.5053238868713379,323.971875,0.9861111111111112,"{'layer1_rate_mean': 0.320214847723643, 'layer1_sparsity_mean': 0.679785152276357, 'layer2_rate_mean': 0.35858073433240256, 'layer2_sparsity_mean': 0.64141925573349, 'layer3_rate_mean': 0.35160807768503827, 'layer3_sparsity_mean': 0.6483919262886048, 'layer4_rate_mean': 0.1405208354194959, 'layer4_sparsity_mean': 0.8594791769981385}"
