{
    "train_loss": [
        0.7175736215806776,
        0.7135993059604399,
        0.6937802193626281,
        0.649704041980928,
        0.5516768631435209,
        0.4266234674761372,
        0.2110383908354467,
        0.07622420751760083,
        0.05250989360314223,
        0.04572174226444575,
        0.04056462969991469,
        0.037185794433518764,
        0.03455757448870328,
        0.03326609123107647,
        0.03255917737260461,
        0.033077941403814384
    ],
    "train_acc": [
        50.0,
        50.0,
        50.05040322580645,
        50.0,
        49.974798387096776,
        50.025201612903224,
        72.88306451612904,
        99.34475806451613,
        99.34475806451613,
        99.36995967741936,
        99.34475806451613,
        99.34475806451613,
        99.36995967741936,
        99.34475806451613,
        99.36995967741936,
        99.36995967741936
    ],
    "test_loss": [
        0.7147568941116333,
        0.6925870418548584,
        0.7282960732777913,
        0.7744782288869222,
        0.9212538083394368,
        0.9005055109659831,
        1.1434776544570924,
        1.6413918415705362,
        1.62386421362559,
        1.889619525273641,
        1.5104333957036336,
        1.5217470010121663,
        1.6956145683924357,
        1.5534787813822428,
        1.4848087787628175,
        1.6598956028620402
    ],
    "test_acc": [
        49.791666666666664,
        49.791666666666664,
        49.791666666666664,
        49.791666666666664,
        49.791666666666664,
        49.791666666666664,
        49.791666666666664,
        49.791666666666664,
        49.791666666666664,
        49.791666666666664,
        49.791666666666664,
        49.791666666666664,
        49.791666666666664,
        49.791666666666664,
        49.791666666666664,
        49.791666666666664
    ],
    "spikes": [
        21.498958333333334,
        81.39895833333334,
        135.975,
        130.753125,
        146.415625,
        172.24583333333334,
        288.328125,
        344.50416666666666,
        356.278125,
        361.6770833333333,
        363.3229166666667,
        365.071875,
        362.853125,
        363.12395833333335,
        358.49895833333335,
        352.4291666666667
    ]
}