{
    "train_loss": [
        0.55847878946412,
        0.41591383276447175,
        0.2848123285558916,
        0.18229903184598492,
        0.11626149473651763,
        0.07963596891251302,
        0.05961213855733795,
        0.04865011500735437,
        0.04193372357516519,
        0.03769461549217663,
        0.03500857449046547,
        0.03357546576749413,
        0.031222584972819014,
        0.03194302266403552,
        0.029824011793900883,
        0.030338656345021822
    ],
    "train_acc": [
        89.11290322580645,
        99.36995967741936,
        99.36995967741936,
        99.36995967741936,
        99.36995967741936,
        99.36995967741936,
        99.36995967741936,
        99.36995967741936,
        99.36995967741936,
        99.36995967741936,
        99.36995967741936,
        99.36995967741936,
        99.39516129032258,
        99.36995967741936,
        99.39516129032258,
        99.36995967741936
    ],
    "test_loss": [
        0.7032202323277791,
        0.7347581426302592,
        0.901138162612915,
        1.0946579376856487,
        1.2870988607406617,
        1.5101930538813273,
        1.6695696036020915,
        1.8542786359786987,
        2.007085688908895,
        2.012261986732483,
        2.1506163040796915,
        2.1479785044988,
        2.3033305644989013,
        2.211014413833618,
        2.439201498031616,
        2.193916360537211
    ],
    "test_acc": [
        50.208333333333336,
        50.208333333333336,
        50.208333333333336,
        50.208333333333336,
        50.208333333333336,
        50.208333333333336,
        50.208333333333336,
        50.208333333333336,
        50.208333333333336,
        50.208333333333336,
        50.208333333333336,
        50.208333333333336,
        50.208333333333336,
        50.208333333333336,
        50.208333333333336,
        50.208333333333336
    ]
}