repetition,mode,delta,best_test_accuracy,final_train_loss,final_test_loss,final_avg_spikes,layer4_linearity_spike_count,internal_metrics
8,expansive_delta_-1.5,-1.5,98.75,0.023143750904578594,0.5828523159027099,511.234375,0.9895833333333334,"{'layer1_rate_mean': 0.5643034021059672, 'layer1_sparsity_mean': 0.4356965978940328, 'layer2_rate_mean': 0.4565722743670146, 'layer2_sparsity_mean': 0.5434277216593425, 'layer3_rate_mean': 0.5422558705012004, 'layer3_sparsity_mean': 0.45774412949879967, 'layer4_rate_mean': 0.3167708396911621, 'layer4_sparsity_mean': 0.6832291523615519}"
8,tough_delta_2.0,2.0,49.791666666666664,0.033374101036198194,0.9339823047320048,286.10833333333335,0.5034722222222222,"{'layer1_rate_mean': 0.02187499962747097, 'layer1_sparsity_mean': 0.9781249761581421, 'layer2_rate_mean': 0.0, 'layer2_sparsity_mean': 1.0, 'layer3_rate_mean': 0.0, 'layer3_sparsity_mean': 1.0, 'layer4_rate_mean': 0.0, 'layer4_sparsity_mean': 1.0}"
8,dissipative_delta_10.0,10.0,98.75,0.03759857981405672,0.7537432193756104,397.60729166666664,0.9895833333333334,"{'layer1_rate_mean': 0.3477669358253479, 'layer1_sparsity_mean': 0.6522330522537232, 'layer2_rate_mean': 0.44211589097976683, 'layer2_sparsity_mean': 0.5578840931256612, 'layer3_rate_mean': 0.38836589455604553, 'layer3_sparsity_mean': 0.611634095509847, 'layer4_rate_mean': 0.049583334227403006, 'layer4_sparsity_mean': 0.9504166722297669}"
