repetition,mode,delta,best_test_accuracy,final_train_loss,final_test_loss,final_avg_spikes,layer4_linearity_spike_count,internal_metrics
15,expansive_delta_-1.5,-1.5,99.0625,0.0258028665933037,0.814983602364858,528.6958333333333,0.9965277777777778,"{'layer1_rate_mean': 0.5684342622756958, 'layer1_sparsity_mean': 0.4315657377243042, 'layer2_rate_mean': 0.36603841980298363, 'layer2_sparsity_mean': 0.6339615662892659, 'layer3_rate_mean': 0.3832649787267049, 'layer3_sparsity_mean': 0.6167350172996521, 'layer4_rate_mean': 0.16375000178813934, 'layer4_sparsity_mean': 0.8362499952316285}"
15,tough_delta_2.0,2.0,84.6875,0.021158853527008286,0.7893609325091044,308.42083333333335,0.8402777777777778,"{'layer1_rate_mean': 0.26741536855697634, 'layer1_sparsity_mean': 0.7325846274693807, 'layer2_rate_mean': 0.3628548244635264, 'layer2_sparsity_mean': 0.6371451695760091, 'layer3_rate_mean': 0.37391276558240255, 'layer3_sparsity_mean': 0.62608722448349, 'layer4_rate_mean': 0.2396875023841858, 'layer4_sparsity_mean': 0.7603125055631001}"
15,dissipative_delta_10.0,10.0,49.791666666666664,0.03402176603765016,1.2897340854008992,357.1197916666667,0.5034722222222222,"{'layer1_rate_mean': 0.05113932391007741, 'layer1_sparsity_mean': 0.9488606770833333, 'layer2_rate_mean': 0.006650390662252903, 'layer2_sparsity_mean': 0.9933496157328288, 'layer3_rate_mean': 0.0, 'layer3_sparsity_mean': 1.0, 'layer4_rate_mean': 0.0, 'layer4_sparsity_mean': 1.0}"
