{
    "train_loss": [
        0.6558449056840712,
        0.49809431837451074,
        0.3342129982286884,
        0.239947963626154,
        0.207525922165763,
        0.1924136309854446,
        0.18170050219182046,
        0.1794540788377485,
        0.17543268035496434,
        0.17469311145044142,
        0.17209985828207386,
        0.17197614403501635,
        0.16718991869880306,
        0.16460800603512796,
        0.1653798373956834,
        0.164242870384647,
        0.1576549874678735,
        0.13670195338706817,
        0.07688834800595237,
        0.0386591941238411
    ],
    "train_acc": [
        49.899193548387096,
        50.07560483870968,
        71.42137096774194,
        99.21875,
        99.36995967741936,
        99.34475806451613,
        99.29435483870968,
        99.34475806451613,
        99.06754032258064,
        98.79032258064517,
        98.84072580645162,
        98.23588709677419,
        99.3195564516129,
        99.21875,
        99.09274193548387,
        99.09274193548387,
        99.24395161290323,
        99.21875,
        99.09274193548387,
        99.24395161290323
    ],
    "test_loss": [
        0.6621517221132914,
        0.5579417109489441,
        0.42747029264767966,
        0.36209431290626526,
        0.3483459115028381,
        0.3436216334501902,
        0.25724630753199257,
        0.3518318831920624,
        0.6119561354319255,
        0.6558229804039002,
        0.2950957914193471,
        0.4178941349188487,
        0.8700606226921082,
        1.4634797732035318,
        0.957089102268219,
        1.3549116849899292,
        1.446570626894633,
        0.5960837960243225,
        1.3951451857884725,
        1.2470709800720214
    ],
    "test_acc": [
        49.791666666666664,
        49.791666666666664,
        49.791666666666664,
        49.791666666666664,
        97.70833333333333,
        49.791666666666664,
        66.66666666666667,
        50.208333333333336,
        49.791666666666664,
        49.791666666666664,
        49.791666666666664,
        49.791666666666664,
        49.791666666666664,
        49.791666666666664,
        49.791666666666664,
        49.791666666666664,
        49.791666666666664,
        49.791666666666664,
        49.791666666666664,
        49.791666666666664
    ],
    "spikes": [
        181.34895833333334,
        269.20625,
        315.9447916666667,
        348.3802083333333,
        357.225,
        382.8822916666667,
        388.925,
        397.4427083333333,
        412.121875,
        419.5229166666667,
        417.890625,
        421.5854166666667,
        429.471875,
        433.78125,
        435.65,
        447.01979166666666,
        459.19166666666666,
        483.053125,
        508.6489583333333,
        509.54375
    ]
}