{
    "train_loss": [
        0.6932452907485347,
        0.6932286822026775,
        0.6932021783244225,
        0.6928856017128113,
        0.6250882081447109,
        0.35121474535234515,
        0.13535387068986893,
        0.06555376355085642,
        0.0489561504293834,
        0.04383831160263189,
        0.042183123363722715,
        0.04103461293984325,
        0.03870316033041285,
        0.0373419031666051,
        0.038081641827199246,
        0.03779571486126271
    ],
    "train_acc": [
        50.05040322580645,
        49.974798387096776,
        50.025201612903224,
        50.0,
        50.07560483870968,
        49.899193548387096,
        95.23689516129032,
        99.26915322580645,
        99.26915322580645,
        99.26915322580645,
        99.26915322580645,
        99.26915322580645,
        99.29435483870968,
        99.29435483870968,
        99.26915322580645,
        99.29435483870968
    ],
    "test_loss": [
        0.6932772517204284,
        0.6932447989781697,
        0.6932135939598083,
        0.6952542304992676,
        0.7159562190373738,
        0.726943039894104,
        0.6017894625663758,
        0.7983810981114705,
        0.6544717868169149,
        0.6353638052940369,
        0.6690725406010946,
        0.5731921672821045,
        0.6637864271799724,
        0.6927897890408834,
        0.8349306146303813,
        0.8008753339449565
    ],
    "test_acc": [
        49.791666666666664,
        49.791666666666664,
        49.791666666666664,
        49.791666666666664,
        49.791666666666664,
        49.791666666666664,
        49.791666666666664,
        49.791666666666664,
        49.791666666666664,
        49.791666666666664,
        49.791666666666664,
        49.791666666666664,
        49.791666666666664,
        49.791666666666664,
        49.791666666666664,
        49.791666666666664
    ],
    "spikes": [
        3.0,
        8.798958333333333,
        26.016666666666666,
        73.98958333333333,
        105.26041666666667,
        177.8,
        232.79895833333333,
        256.1635416666667,
        275.784375,
        282.1979166666667,
        287.99375,
        295.5854166666667,
        296.56354166666665,
        301.028125,
        305.478125,
        308.8208333333333
    ]
}