{
    "train_loss": [
        0.6860997994099894,
        0.6253223121166229,
        0.44044030049154836,
        0.2972734707497781,
        0.2095631798428874,
        0.1942460255757455,
        0.1824035541184487,
        0.17889237812449854,
        0.1706243164597019,
        0.1683073791284715,
        0.1748166894239764,
        0.16623100878730898,
        0.17659981044069414,
        0.1504013473468442,
        0.13681004785241618,
        0.13174747399264766,
        0.11607824085700896,
        0.11763209320845143,
        0.08316290877278774
    ],
    "train_acc": [
        50.025201612903224,
        49.87399193548387,
        61.08870967741935,
        99.1179435483871,
        99.1179435483871,
        98.96673387096774,
        99.09274193548387,
        99.1179435483871,
        99.14314516129032,
        99.09274193548387,
        99.06754032258064,
        99.24395161290323,
        98.86592741935483,
        99.09274193548387,
        99.26915322580645,
        99.1179435483871,
        99.1179435483871,
        98.86592741935483,
        99.1179435483871
    ],
    "test_loss": [
        0.6965782920519511,
        0.6512924035390218,
        0.6326816598574321,
        0.7374484101931255,
        0.6940656900405884,
        1.110886001586914,
        0.7489799777666728,
        0.6763100226720175,
        0.5447062432765961,
        0.5856985410054525,
        0.36477385958035785,
        0.5107979635397594,
        0.44601449569066365,
        0.5599088529745738,
        0.8900329828262329,
        0.6777437766393025,
        0.7050053517023722,
        0.6600175142288208,
        0.5823330998420715
    ],
    "test_acc": [
        49.791666666666664,
        49.791666666666664,
        49.791666666666664,
        98.54166666666667,
        87.91666666666667,
        51.458333333333336,
        53.854166666666664,
        94.6875,
        95.3125,
        65.72916666666667,
        95.9375,
        96.97916666666667,
        97.91666666666667,
        72.08333333333333,
        50.729166666666664,
        91.14583333333333,
        50.208333333333336,
        96.35416666666667,
        73.4375
    ],
    "spikes": [
        153.41875,
        201.19270833333334,
        246.67291666666668,
        307.465625,
        340.95625,
        354.25625,
        362.17395833333336,
        371.5229166666667,
        372.54791666666665,
        386.18333333333334,
        392.190625,
        401.61145833333336,
        407.45,
        426.65416666666664,
        441.51145833333334,
        447.525,
        467.303125,
        475.8645833333333,
        485.6875
    ]
}