{
    "train_loss": [
        0.5044397461798883,
        0.31590297914320425,
        0.1802027107727143,
        0.10047906949635475,
        0.06332766060386935,
        0.04601352343395833,
        0.03927238225456207,
        0.035836783448053945,
        0.03351296077392275,
        0.031832454440694664,
        0.03147143762438528,
        0.031330417383522276,
        0.028402392512127277,
        0.030135873840340683,
        0.029444618180634513,
        0.03061911647748803
    ],
    "train_acc": [
        99.39516129032258,
        99.39516129032258,
        99.39516129032258,
        99.39516129032258,
        99.42036290322581,
        99.42036290322581,
        99.39516129032258,
        99.39516129032258,
        99.39516129032258,
        99.39516129032258,
        99.39516129032258,
        99.39516129032258,
        99.44556451612904,
        99.42036290322581,
        99.42036290322581,
        99.39516129032258
    ],
    "test_loss": [
        0.623968493938446,
        0.6845426281293233,
        0.8031327168146769,
        0.921871022383372,
        1.112993880112966,
        1.276924987634023,
        1.407309079170227,
        1.4234630664189656,
        1.513960631688436,
        1.6924872080485025,
        1.6656639575958252,
        1.5027425050735475,
        1.6309651454289755,
        1.3165094574292502,
        1.8846141735712687,
        1.620810341835022
    ],
    "test_acc": [
        50.208333333333336,
        50.208333333333336,
        50.208333333333336,
        50.208333333333336,
        50.208333333333336,
        50.208333333333336,
        50.208333333333336,
        50.208333333333336,
        50.208333333333336,
        50.208333333333336,
        50.208333333333336,
        50.208333333333336,
        50.208333333333336,
        50.208333333333336,
        50.208333333333336,
        50.208333333333336
    ]
}