{
    "train_loss": [
        0.6933769535633826,
        0.6933046425542524,
        0.6932792404005604,
        0.6510438092293278,
        0.4080989231025019,
        0.2492698629296595,
        0.09215270169079304,
        0.048769177929047614,
        0.03895730469676276,
        0.036731196251968225,
        0.032148480129938935,
        0.03198568199220444,
        0.03517320371353098,
        0.038171716342349685,
        0.04436314435705783,
        0.04491609706723642
    ],
    "train_acc": [
        50.07560483870968,
        50.100806451612904,
        50.15120967741935,
        49.94959677419355,
        52.89818548387097,
        98.81552419354838,
        99.21875,
        99.21875,
        99.21875,
        99.21875,
        99.24395161290323,
        99.24395161290323,
        99.1179435483871,
        99.19354838709677,
        99.21875,
        99.24395161290323
    ],
    "test_loss": [
        0.6932279825210571,
        0.6931889017422994,
        0.6930017193158468,
        0.6755021731058757,
        0.870542065302531,
        0.937360950311025,
        0.8493828694025676,
        1.0421200791994731,
        1.0552581628163655,
        1.0437005360921223,
        0.8217571099599202,
        0.9122274319330851,
        0.9207369367281596,
        0.8531858245531718,
        0.7849160154660543,
        0.7365286191304524
    ],
    "test_acc": [
        49.791666666666664,
        49.791666666666664,
        49.791666666666664,
        49.791666666666664,
        49.791666666666664,
        49.791666666666664,
        49.791666666666664,
        49.791666666666664,
        49.791666666666664,
        49.791666666666664,
        49.791666666666664,
        49.791666666666664,
        49.791666666666664,
        49.791666666666664,
        49.791666666666664,
        49.791666666666664
    ],
    "spikes": [
        8.4625,
        24.1625,
        73.071875,
        161.27708333333334,
        213.690625,
        283.2875,
        338.8833333333333,
        346.2375,
        363.73541666666665,
        371.3958333333333,
        378.8958333333333,
        380.70625,
        383.43125,
        395.3697916666667,
        397.4625,
        394.46979166666665
    ]
}